Class,Year,Age1,Age2,Sex1,Sex2,Place,BoatType,Time,Dtime
Endeavour,2023,52,50,Male,Male,1,Kayak,08:53:13,8.89
Endeavour,2023,20,26,Male,Male,2,Kayak,09:05:26,9.09
Endeavour,2023,27,23,Male,Male,3,Kayak,09:18:40,9.31
Endeavour,2023,17,22,Male,Male,4,Kayak,09:38:49,9.65
Endeavour,2023,22,35,Male,Male,5,Kayak,09:41:01,9.68
Endeavour,2023,69,62,Male,Male,6,Kayak,09:51:11,9.85
Endeavour,2023,28,16,Male,Female,7,Kayak,10:32:09,10.54
Endeavour,2023,34,32,Male,Female,8,Kayak,10:40:04,10.67
Endeavour,2023,55,20,Male,Male,9,Kayak,10:58:49,10.98
Endeavour,2023,56,54,Male,Male,10,Kayak,11:09:31,11.16
Endeavour,2023,59,59,Male,Male,11,Kayak,11:25:04,11.42
Endeavour,2023,56,60,Female,Female,12,Kayak,11:56:38,11.94
Endeavour,2023,63,61,Male,Male,13,Kayak,12:49:46,12.83
Endeavour,2023,62,56,Male,Female,14,Kayak,12:51:22,12.86
Endeavour,2023,30,56,Female,Male,15,Kayak,13:18:01,13.3
Endeavour,2022,22,21,Female,Female,1,Kayak,18:22:26,18.37
Endeavour,2022,30,16,Male,Male,2,Kayak,18:41:35,18.69
Endeavour,2022,58,49,Male,Male,3,Kayak,19:46:52,19.78
Endeavour,2022,62,27,Female,Female,4,Kayak,20:07:38,20.13
Endeavour,2022,18,19,Female,Male,5,Kayak,20:31:13,20.52
Endeavour,2022,65,29,Male,Male,6,Kayak,23:20:01,23.33
Endeavour,2022,61,32,Male,Female,7,Kayak,23:51:07,23.85
Endeavour,2022,23,17,Female,Male,8,Kayak,24:32:21,24.54
Endeavour,2022,54,54,Male,Male,9,Kayak,24:52:54,24.88
Endeavour,2022,52,19,Female,Female,10,Kayak,25:18:05,25.3
Endeavour,2022,25,21,Male,Male,11,Kayak,26:06:24,26.11
Endeavour,2022,34,30,Male,Female,12,Kayak,27:59:38,27.99
Endeavour,2019,18,19,Female,Male,1,Kayak,22:11:51,22.2
Endeavour,2019,24,20,Male,Male,2,Kayak,22:50:08,22.84
Endeavour,2019,24,20,Male,Female,3,Kayak,22:51:45,22.86
Endeavour,2019,16,27,Female,Male,4,Kayak,23:06:48,23.11
Endeavour,2019,54,55,Male,Female,5,Kayak,23:48:43,23.81
Endeavour,2019,18,20,Male,Male,6,Kayak,24:04:49,24.08
Endeavour,2019,51,53,Male,Female,7,Kayak,24:48:14,24.8
Endeavour,2019,30,17,Female,Male,8,Kayak,25:12:46,25.21
Endeavour,2019,51,55,Female,Female,9,Kayak,25:48:16,25.8
Endeavour,2019,58,49,Male,Female,10,Kayak,26:08:16,26.14
Endeavour,2019,56,57,Male,Female,11,Kayak,26:29:51,26.5
Endeavour,2019,49,53,Male,Male,12,Kayak,26:58:38,26.98
Endeavour,2019,57,53,Male,Male,13,Kayak,27:24:18,27.41
Endeavour,2019,51,49,Male,Male,14,Kayak,28:09:50,28.16
Endeavour,2019,48,19,Male,Male,15,Folding Boat,29:21:41,29.36
Endeavour,2017,43,49,Male,Female,1,Kayak,19:35:34,19.59
Endeavour,2017,20,18,Male,Female,2,Kayak,21:33:01,21.55
Endeavour,2017,27,18,Male,Male,3,Kayak,23:08:50,23.15
Endeavour,2017,53,22,Male,Male,4,Kayak,23:43:36,23.73
Endeavour,2017,50,55,Male,Female,5,Kayak,23:57:07,23.95
Endeavour,2017,26,57,Male,Male,6,Kayak,24:49:20,24.82
Endeavour,2017,34,55,Male,Male,7,Kayak,25:28:08,25.47
Endeavour,2017,68,48,Male,Female,8,Kayak,25:33:30,25.56
Endeavour,2017,53,50,Male,Male,9,Kayak,26:03:03,26.05
Endeavour,2017,52,30,Female,Female,10,Kayak,26:45:43,26.76
Endeavour,2017,45,56,Male,Male,11,Kayak,26:46:33,26.78
Endeavour,2017,53,48,Male,Male,12,Kayak,27:16:43,27.28
Endeavour,2017,50,45,Male,Male,13,Kayak,27:17:01,27.28
Endeavour,2017,45,50,Male,Male,14,Kayak,27:56:29,27.94
Endeavour,2017,53,50,Male,Male,15,Kayak,28:48:07,28.8
Endeavour,2017,53,56,Male,Female,16,Kayak,30:39:50,30.66
Endeavour,2017,46,32,Male,Female,17,Kayak,30:49:20,30.82
Endeavour,2017,34,57,Male,Male,18,Kayak,30:58:24,30.97
Endeavour,2017,40,29,Male,Male,19,Kayak,31:07:52,31.13
Endeavour,2016,52,52,Male,Male,1,Canadian,17:40:09,17.67
Endeavour,2016,21,23,Male,Male,2,Kayak,17:43:41,17.73
Endeavour,2016,16,20,Male,Male,3,Kayak,18:14:14,18.24
Endeavour,2016,62,58,Male,Male,4,Kayak,20:02:41,20.04
Endeavour,2016,22,17,Male,Male,5,Kayak,20:40:19,20.67
Endeavour,2016,31,30,Male,Male,6,Kayak,20:42:21,20.71
Endeavour,2016,52,49,Male,Male,7,Canadian,21:05:42,21.1
Endeavour,2016,44,48,Male,Male,8,Kayak,21:19:17,21.32
Endeavour,2016,52,49,Male,Male,9,Kayak,21:41:07,21.69
Endeavour,2016,31,36,Male,Male,10,Kayak,21:54:14,21.9
Endeavour,2016,70,26,Male,Female,11,Kayak,22:07:26,22.12
Endeavour,2016,60,52,Male,Male,12,Kayak,22:37:29,22.62
Endeavour,2016,67,47,Male,Female,13,Kayak,23:30:23,23.51
Endeavour,2016,55,50,Female,Female,14,Kayak,23:41:32,23.69
Endeavour,2016,40,44,Female,Male,15,Canadian,23:57:12,23.95
Endeavour,2016,47,57,Male,Male,16,Kayak,24:24:13,24.4
Endeavour,2016,49,50,Male,Male,17,Kayak,24:34:16,24.57
Endeavour,2016,33,56,Male,Male,18,Kayak,28:25:09,28.42
Endeavour,2015,41,59,Male,Male,1,Kayak,19:09:51,19.16
Endeavour,2015,29,19,Male,Male,2,Kayak,20:02:08,20.04
Endeavour,2015,50,47,Male,Male,3,Kayak,21:26:59,21.45
Endeavour,2015,26,17,Female,Female,4,Kayak,21:35:22,21.59
Endeavour,2015,22,16,Male,Female,5,Kayak,21:38:13,21.64
Endeavour,2015,19,15,Male,Male,6,Kayak,22:40:56,22.68
Endeavour,2015,36,30,Male,Female,7,Kayak,23:52:18,23.87
Endeavour,2015,16,23,Female,Female,8,Kayak,24:57:43,24.96
Endeavour,2015,57,53,Male,Female,9,Kayak,26:27:56,26.47
Endeavour,2015,24,55,Male,Male,10,Kayak,27:11:19,27.19
Endeavour,2015,70,47,Male,Male,11,Kayak,27:24:23,27.41
Endeavour,2015,39,45,Male,Male,12,Kayak,28:45:56,28.77
Endeavour,2015,65,63,Male,Male,13,Kayak,29:18:29,29.31
Endeavour,2015,28,29,Female,Female,14,Kayak,29:26:25,29.44
Endeavour,2015,57,60,Male,Male,15,Kayak,30:31:12,30.52
Endeavour,2015,49,57,Male,Male,16,Kayak,30:41:41,30.69
Endeavour,2014,44,40,Male,Female,1,Kayak,19:25:39,19.43
Endeavour,2014,43,53,Male,Female,2,Kayak,21:54:30,21.91
Endeavour,2014,25,16,Female,Male,3,Kayak,22:55:42,22.93
Endeavour,2014,50,56,Female,Male,4,Kayak,23:20:12,23.34
Endeavour,2014,53,45,Male,Male,5,Kayak,23:47:51,23.8
Endeavour,2014,50,52,Female,Female,6,Kayak,24:25:35,24.43
Endeavour,2014,49,40,Male,Male,7,Kayak,24:35:39,24.59
Endeavour,2014,46,38,Male,Female,8,Kayak,24:53:21,24.89
Endeavour,2014,26,25,Male,Female,9,Kayak,25:29:18,25.49
Endeavour,2014,44,39,Male,Male,10,Kayak,29:08:06,29.14
Endeavour,2014,35,36,Male,Male,11,Kayak,32:17:13,32.29
Endeavour,2013,15,31,Male,Male,1,Kayak,18:51:14,18.85
Endeavour,2013,50,61,Male,Male,2,Kayak,20:20:44,20.35
Endeavour,2013,22,16,Male,Male,3,Kayak,21:10:55,21.18
Endeavour,2013,27,56,Male,Male,4,Kayak,22:33:10,22.55
Endeavour,2013,24,22,Male,Male,5,Kayak,22:39:38,22.66
Endeavour,2013,29,33,Male,Female,6,Kayak,22:41:59,22.7
Endeavour,2013,30,16,Male,Female,7,Kayak,23:14:20,23.24
Endeavour,2013,22,16,Male,Female,8,Kayak,24:03:51,24.06
Endeavour,2013,27,27,Male,Male,9,Kayak,24:31:28,24.52
Endeavour,2013,33,34,Male,Male,10,Kayak,24:40:07,24.67
Endeavour,2013,22,54,Female,Female,11,Kayak,24:42:29,24.71
Endeavour,2013,53,49,Male,Male,12,Canadian,24:56:35,24.94
Endeavour,2013,48,48,Female,Female,13,Kayak,25:04:54,25.08
Endeavour,2013,48,42,Male,Male,14,Canadian,25:17:07,25.29
Endeavour,2013,28,49,Male,Male,15,Kayak,25:32:49,25.55
Endeavour,2013,27,23,Male,Female,16,Kayak,25:54:33,25.91
Endeavour,2013,21,54,Male,Male,17,Kayak,26:49:17,26.82
Endeavour,2013,35,35,Male,Female,18,Canadian,26:49:31,26.83
Endeavour,2013,48,48,Male,Male,19,Kayak,26:54:22,26.91
Endeavour,2013,37,38,Male,Male,20,Kayak,27:09:32,27.16
Endeavour,2013,19,16,Male,Female,21,Kayak,27:17:22,27.29
Endeavour,2013,37,35,Male,Male,22,Kayak,28:52:16,28.87
Endeavour,2013,51,52,Male,Male,23,Kayak,30:16:03,30.27
Junior,2023,16,16,Female,Female,27,Kayak,10:25:32,10.43
Junior,2023,17,16,Male,Male,19,Kayak,09:52:54,9.88
Junior,2023,17,16,Female,Female,40,Kayak,11:38:09,11.64
Junior,2023,16,16,Male,Female,34,Kayak,11:04:14,11.07
Junior,2023,17,17,Female,Female,23,Kayak,10:16:40,10.28
Junior,2023,16,16,Male,Male,29,Kayak,10:39:22,10.66
Junior,2023,15,16,Male,Male,1,Kayak,08:24:59,8.42
Junior,2023,17,16,Male,Male,16,Kayak,09:44:21,9.74
Junior,2023,17,16,Male,Male,20,Kayak,10:11:20,10.19
Junior,2023,17,17,Male,Male,7,Kayak,09:23:39,9.39
Junior,2023,17,17,Female,Male,18,Kayak,09:49:20,9.82
Junior,2023,18,16,Male,Male,3,Kayak,09:04:44,9.08
Junior,2023,16,16,Female,Female,36,Kayak,11:24:18,11.41
Junior,2023,16,16,Female,Female,33,Kayak,11:04:13,11.07
Junior,2023,16,16,Female,Female,42,Kayak,12:31:13,12.52
Junior,2023,17,16,Male,Female,30,Kayak,10:41:28,10.69
Junior,2023,17,17,Male,Male,21,Kayak,10:11:34,10.19
Junior,2023,17,16,Male,Male,11,Kayak,09:34:27,9.57
Junior,2023,17,16,Female,Female,28,Kayak,10:27:31,10.46
Junior,2023,16,17,Male,Male,4,Kayak,09:14:40,9.24
Junior,2023,17,17,Male,Male,22,Kayak,10:14:47,10.25
Junior,2023,16,16,Male,Male,12,Kayak,09:34:45,9.58
Junior,2023,16,16,Male,Male,25,Kayak,10:19:11,10.32
Junior,2023,17,17,Male,Male,13,Kayak,09:36:18,9.61
Junior,2023,18,18,Male,Male,26,Kayak,10:21:45,10.36
Junior,2023,17,16,Male,Male,37,Kayak,11:28:51,11.48
Junior,2023,17,17,Male,Male,15,Kayak,09:40:39,9.68
Junior,2023,17,17,Female,Female,35,Kayak,11:16:18,11.27
Junior,2023,16,16,Female,Male,32,Kayak,10:53:48,10.9
Junior,2023,18,16,Female,Female,6,Kayak,09:23:18,9.39
Junior,2023,16,16,Male,Male,17,Kayak,09:48:17,9.8
Junior,2023,16,16,Male,Male,9,Kayak,09:33:32,9.56
Junior,2023,17,17,Female,Female,41,Kayak,12:05:47,12.1
Junior,2023,16,17,Male,Female,31,Kayak,10:51:19,10.86
Junior,2023,16,17,Male,Male,10,Kayak,09:34:02,9.57
Junior,2023,16,16,Male,Male,8,Kayak,09:23:10,9.39
Junior,2023,16,17,Male,Male,24,Kayak,10:18:08,10.3
Junior,2023,17,16,Female,Female,39,Kayak,11:34:30,11.58
Junior,2023,18,17,Male,Male,5,Kayak,09:19:43,9.33
Junior,2023,18,16,Female,Male,14,Kayak,09:36:54,9.62
Junior,2023,16,17,Female,Female,38,Kayak,11:28:58,11.48
Junior,2023,17,15,Female,Male,2,Kayak,09:02:28,9.04
Junior,2022,17,17,Male,Male,42,Kayak,22:29:13,22.49
Junior,2022,17,16,Male,Male,19,Kayak,20:01:05,20.02
Junior,2022,16,17,Male,Male,32,Kayak,21:12:26,21.21
Junior,2022,16,17,Male,Female,59,Kayak,23:36:34,23.61
Junior,2022,16,16,Male,Male,26,Kayak,20:42:07,20.7
Junior,2022,18,17,Female,Female,56,Kayak,23:11:27,23.19
Junior,2022,18,17,Male,Male,16,Kayak,19:36:57,19.62
Junior,2022,17,16,Male,Male,11,Kayak,19:10:03,19.17
Junior,2022,16,16,Male,Male,33,Kayak,21:13:43,21.23
Junior,2022,17,16,Male,Female,27,Kayak,20:43:12,20.72
Junior,2022,16,16,Female,Male,20,Kayak,20:07:13,20.12
Junior,2022,17,16,Female,Male,7,Kayak,18:55:18,18.92
Junior,2022,16,17,Male,Male,43,Kayak,22:00:38,22.01
Junior,2022,17,16,Male,Male,24,Kayak,20:38:15,20.64
Junior,2022,17,16,Female,Female,48,Kayak,22:17:51,22.3
Junior,2022,17,16,Male,Male,10,Kayak,19:07:56,19.13
Junior,2022,16,17,Male,Female,6,Kayak,18:47:52,18.8
Junior,2022,17,17,Female,Female,54,Kayak,22:59:40,22.99
Junior,2022,17,17,Female,Female,22,Kayak,20:22:44,20.38
Junior,2022,17,17,Male,Male,34,Kayak,21:26:21,21.44
Junior,2022,16,17,Male,Male,50,Kayak,22:34:08,22.57
Junior,2022,16,17,Male,Male,28,Kayak,20:43:42,20.73
Junior,2022,16,17,Male,Male,5,Kayak,18:43:43,18.73
Junior,2022,17,16,Male,Male,38,Kayak,21:43:27,21.72
Junior,2022,16,17,Male,Male,44,Kayak,22:04:20,22.07
Junior,2022,16,16,Male,Male,52,Kayak,22:56:42,22.95
Junior,2022,16,17,Male,Male,17,Kayak,19:49:33,19.83
Junior,2022,16,17,Female,Female,18,Kayak,19:59:51,20
Junior,2022,16,17,Female,Male,41,Kayak,21:50:33,21.84
Junior,2022,17,16,Male,Female,21,Kayak,20:18:54,20.32
Junior,2022,17,17,Male,Female,49,Kayak,22:29:05,22.48
Junior,2022,17,16,Male,Female,4,Kayak,18:38:10,18.64
Junior,2022,16,17,Male,Male,13,Kayak,19:22:27,19.37
Junior,2022,17,16,Female,Female,51,Kayak,22:50:47,22.85
Junior,2022,16,16,Male,Female,55,Kayak,23:07:59,23.13
Junior,2022,16,16,Male,Male,12,Kayak,19:18:11,19.3
Junior,2022,17,16,Male,Male,46,Kayak,22:09:08,22.15
Junior,2022,16,16,Male,Male,35,Kayak,21:29:09,21.49
Junior,2022,16,16,Female,Female,53,Kayak,22:58:33,22.98
Junior,2022,15,16,Male,Male,8,Kayak,19:02:06,19.04
Junior,2022,17,18,Female,Female,47,Kayak,22:12:43,22.21
Junior,2022,18,17,Female,Male,60,Kayak,23:39:28,23.66
Junior,2022,17,18,Male,Male,29,Kayak,20:43:47,20.73
Junior,2022,16,16,Male,Male,62,Kayak,25:56:30,25.94
Junior,2022,16,16,Male,Male,40,Kayak,21:48:54,21.82
Junior,2022,17,17,Male,Female,25,Kayak,20:40:43,20.68
Junior,2022,16,16,Male,Female,37,Kayak,21:33:28,21.56
Junior,2022,16,17,Male,Female,45,Kayak,23:08:35,23.14
Junior,2022,16,18,Male,Female,61,Kayak,25:55:14,25.92
Junior,2022,16,16,Female,Female,36,Kayak,21:32:57,21.55
Junior,2022,16,16,Male,Male,39,Kayak,21:45:53,21.76
Junior,2022,18,17,Male,Female,15,Kayak,19:32:24,19.54
Junior,2022,16,17,Male,Female,3,Kayak,18:17:00,18.28
Junior,2022,16,17,Male,Female,31,Kayak,20:57:48,20.96
Junior,2022,16,17,Male,Male,23,Kayak,20:36:22,20.61
Junior,2022,17,18,Female,Female,58,Kayak,23:34:01,23.57
Junior,2022,17,18,Male,Male,57,Canadian,23:30:52,23.51
Junior,2022,17,17,Female,Female,30,Kayak,20:50:18,20.84
Junior,2022,15,15,Male,Male,1,Kayak,16:35:07,16.59
Junior,2022,16,16,Female,Female,14,Kayak,19:26:36,19.44
Junior,2022,17,16,Male,Male,9,Kayak,19:07:30,19.13
Junior,2022,16,16,Female,Male,2,Kayak,17:12:03,17.2
Junior,2019,17,18,Male,Male,4,Kayak,19:08:46,19.15
Junior,2019,17,17,Female,Female,66,Kayak,25:24:53,25.41
Junior,2019,17,16,Female,Female,23,Kayak,21:37:50,21.63
Junior,2019,16,16,Male,Male,8,Kayak,20:23:32,20.39
Junior,2019,16,17,Male,Male,12,Kayak,20:48:17,20.8
Junior,2019,17,16,Female,Female,24,Kayak,21:51:01,21.85
Junior,2019,17,17,Male,Female,36,Kayak,22:39:35,22.66
Junior,2019,16,16,Male,Female,51,Kayak,24:09:06,24.15
Junior,2019,18,18,Male,Male,1,Kayak,16:08:47,16.15
Junior,2019,17,17,Female,Female,19,Kayak,21:12:29,21.21
Junior,2019,16,17,Male,Male,44,Kayak,23:13:50,23.23
Junior,2019,17,16,Male,Male,63,Kayak,25:10:58,25.18
Junior,2019,16,16,Male,Male,71,Kayak,26:10:47,26.18
Junior,2019,16,17,Female,Female,43,Kayak,23:10:42,23.18
Junior,2019,16,17,Female,Female,73,Kayak,27:47:36,27.79
Junior,2019,17,17,Female,Female,53,Kayak,24:13:34,24.23
Junior,2019,15,15,Male,Male,20,Kayak,21:20:23,21.34
Junior,2019,16,15,Female,Female,57,Kayak,24:49:10,24.82
Junior,2019,16,16,Female,Male,67,Kayak,25:35:03,25.58
Junior,2019,16,17,Male,Male,35,Kayak,22:34:48,22.58
Junior,2019,17,16,Female,Female,49,Kayak,23:57:41,23.96
Junior,2019,18,18,Female,Female,3,Kayak,18:29:28,18.49
Junior,2019,17,16,Male,Male,25,Kayak,22:10:42,22.18
Junior,2019,16,16,Male,Male,29,Kayak,22:20:41,22.34
Junior,2019,16,16,Male,Male,46,Kayak,23:20:45,23.35
Junior,2019,16,17,Male,Male,7,Kayak,20:15:40,20.26
Junior,2019,17,17,Male,Male,10,Kayak,20:41:58,20.7
Junior,2019,18,18,Male,Male,14,Kayak,20:55:28,20.92
Junior,2019,16,16,Male,Male,33,Kayak,22:25:04,22.42
Junior,2019,16,16,Male,Male,55,Kayak,24:18:49,24.31
Junior,2019,16,16,Male,Male,64,Kayak,25:17:50,25.3
Junior,2019,17,17,Male,Male,50,Kayak,23:57:51,23.96
Junior,2019,17,16,Female,Female,39,Kayak,23:00:52,23.01
Junior,2019,16,16,Female,Female,28,Kayak,22:13:22,22.22
Junior,2019,16,17,Female,Female,34,Kayak,22:31:32,22.53
Junior,2019,16,16,Male,Male,13,Kayak,20:50:02,20.83
Junior,2019,15,16,Male,Male,40,Kayak,23:05:49,23.1
Junior,2019,16,16,Female,Female,47,Kayak,23:21:53,23.36
Junior,2019,16,17,Male,Male,41,Kayak,23:06:12,23.1
Junior,2019,16,16,Male,Male,72,Kayak,26:16:05,26.27
Junior,2019,17,17,Male,Male,27,Kayak,22:07:58,22.13
Junior,2019,16,16,Female,Female,58,Kayak,24:51:03,24.85
Junior,2019,16,17,Female,Female,42,Kayak,23:08:38,23.14
Junior,2019,17,17,Male,Male,5,Kayak,19:34:36,19.58
Junior,2019,16,16,Female,Female,56,Kayak,24:22:15,24.37
Junior,2019,16,16,Male,Male,11,Kayak,20:44:04,20.73
Junior,2019,17,16,Male,Male,17,Kayak,21:07:15,21.12
Junior,2019,17,16,Male,Male,6,Kayak,19:55:37,19.93
Junior,2019,17,16,Female,Female,70,Kayak,25:48:32,25.81
Junior,2019,16,16,Female,Female,48,Kayak,23:49:40,23.83
Junior,2019,16,16,Male,Male,31,Kayak,22:23:42,22.4
Junior,2019,16,16,Male,Male,21,Kayak,21:24:47,21.41
Junior,2019,16,16,Male,Male,26,Kayak,22:07:13,22.12
Junior,2019,17,16,Male,Male,59,Kayak,24:52:13,24.87
Junior,2019,17,16,Male,Female,68,Kayak,25:35:42,25.6
Junior,2019,16,16,Male,Male,32,Kayak,22:24:39,22.41
Junior,2019,17,15,Male,Male,65,Kayak,25:24:01,25.4
Junior,2019,16,15,Female,Female,74,Kayak,28:37:22,28.62
Junior,2019,16,16,Female,Female,75,Kayak,29:23:10,29.39
Junior,2019,17,17,Male,Male,15,Kayak,21:00:01,21
Junior,2019,15,15,Male,Male,45,Kayak,23:15:18,23.26
Junior,2019,16,16,Female,Male,38,Kayak,22:58:34,22.98
Junior,2019,16,16,Female,Female,69,Kayak,25:44:04,25.73
Junior,2019,16,17,Male,Male,60,Canadian,24:53:04,24.88
Junior,2019,17,16,Male,Male,62,Canadian,25:12:09,25.2
Junior,2019,18,18,Male,Male,22,Kayak,21:25:57,21.43
Junior,2019,17,17,Male,Female,54,Kayak,24:14:52,24.25
Junior,2019,16,17,Male,Male,18,Kayak,21:09:21,21.16
Junior,2019,16,16,Female,Male,16,Kayak,21:05:59,21.1
Junior,2019,17,17,Female,Female,61,Kayak,25:05:40,25.09
Junior,2019,17,17,Male,Male,30,Kayak,22:23:13,22.39
Junior,2019,17,17,Male,Male,2,Kayak,18:11:51,18.2
Junior,2019,17,16,Male,Male,9,Kayak,20:30:20,20.51
Junior,2019,16,17,Female,Female,52,Kayak,24:11:30,24.19
Junior,2019,15,17,Male,Male,37,Kayak,22:57:03,22.95
Junior,2017,18,15,Male,Male,14,Kayak,19:16:11,19.27
Junior,2017,17,17,Male,Male,10,Kayak,18:51:42,18.86
Junior,2017,17,17,Male,Male,28,Kayak,20:46:58,20.78
Junior,2017,16,17,Male,Male,84,Kayak,26:20:25,26.34
Junior,2017,16,15,Male,Male,37,Kayak,21:25:44,21.43
Junior,2017,15,15,Female,Female,86,Kayak,26:32:48,26.55
Junior,2017,17,17,Female,Male,43,Kayak,21:48:30,21.81
Junior,2017,17,17,Male,Female,51,Kayak,22:48:54,22.82
Junior,2017,17,16,Male,Male,81,Kayak,26:04:46,26.08
Junior,2017,17,16,Female,Female,70,Kayak,24:40:03,24.67
Junior,2017,17,16,Male,Male,33,Kayak,21:15:33,21.26
Junior,2017,18,18,Male,Male,6,Kayak,18:36:21,18.61
Junior,2017,17,17,Female,Female,61,Kayak,23:38:58,23.65
Junior,2017,16,17,Female,Female,74,Kayak,24:52:57,24.88
Junior,2017,17,17,Male,Male,9,Kayak,18:44:50,18.75
Junior,2017,15,18,Male,Male,49,Kayak,22:31:22,22.52
Junior,2017,17,17,Male,Male,3,Kayak,17:26:31,17.44
Junior,2017,17,16,Male,Male,13,Kayak,19:12:56,19.22
Junior,2017,17,17,Male,Male,57,Kayak,23:03:53,23.06
Junior,2017,16,17,Female,Male,46,Kayak,22:15:12,22.25
Junior,2017,16,16,Male,Female,76,Kayak,25:07:30,25.13
Junior,2017,17,16,Male,Female,69,Kayak,24:38:24,24.64
Junior,2017,16,15,Male,Male,4,Kayak,17:42:24,17.71
Junior,2017,18,16,Male,Male,8,Kayak,18:38:11,18.64
Junior,2017,17,17,Male,Male,88,Kayak,27:46:35,27.78
Junior,2017,17,17,Male,Male,26,Kayak,20:25:28,20.42
Junior,2017,16,16,Male,Male,5,Kayak,17:56:26,17.94
Junior,2017,18,16,Male,Male,7,Kayak,18:37:31,18.63
Junior,2017,15,16,Male,Male,32,Kayak,21:02:56,21.05
Junior,2017,18,16,Female,Female,36,Kayak,21:22:52,21.38
Junior,2017,15,15,Male,Male,79,Kayak,25:56:51,25.95
Junior,2017,16,16,Male,Female,35,Kayak,21:22:04,21.37
Junior,2017,16,16,Female,Female,87,Kayak,26:53:14,26.89
Junior,2017,17,17,Male,Male,16,Kayak,19:24:10,19.4
Junior,2017,17,16,Male,Male,21,Kayak,20:09:50,20.16
Junior,2017,16,16,Male,Male,30,Kayak,20:58:27,20.97
Junior,2017,16,16,Male,Male,15,Kayak,19:19:11,19.32
Junior,2017,16,16,Female,Female,65,Kayak,24:03:52,24.06
Junior,2017,16,16,Female,Male,85,Kayak,26:28:34,26.48
Junior,2017,17,16,Male,Male,39,Kayak,21:36:02,21.6
Junior,2017,16,16,Female,Female,55,Kayak,22:59:34,22.99
Junior,2017,16,17,Male,Male,71,Kayak,24:47:09,24.79
Junior,2017,16,16,Female,Female,89,Kayak,33:12:41,33.21
Junior,2017,18,18,Male,Male,1,Kayak,16:20:26,16.34
Junior,2017,16,17,Male,Male,25,Kayak,20:16:46,20.28
Junior,2017,17,17,Male,Male,19,Kayak,19:53:47,19.9
Junior,2017,18,18,Female,Female,66,Kayak,24:11:57,24.2
Junior,2017,18,17,Male,Female,52,Kayak,22:53:58,22.9
Junior,2017,17,18,Male,Male,45,Canadian,22:05:59,22.1
Junior,2017,15,17,Male,Male,58,Kayak,23:27:27,23.46
Junior,2017,16,17,Male,Male,68,Kayak,24:36:34,24.61
Junior,2017,16,18,Male,Male,53,Canadian,22:54:39,22.91
Junior,2017,15,15,Female,Male,11,Kayak,18:54:28,18.91
Junior,2017,16,18,Female,Female,83,Kayak,26:14:41,26.24
Junior,2017,18,17,Female,Female,75,Kayak,25:03:08,25.05
Junior,2017,17,17,Female,Female,82,Kayak,26:12:46,26.21
Junior,2017,16,16,Male,Female,40,Kayak,21:38:25,21.64
Junior,2017,17,16,Female,Female,64,Kayak,23:48:46,23.81
Junior,2017,16,16,Male,Female,44,Kayak,22:02:49,22.05
Junior,2017,17,16,Female,Male,47,Kayak,22:24:36,22.41
Junior,2017,17,17,Male,Male,23,Kayak,20:15:05,20.25
Junior,2017,17,17,Female,Male,63,Kayak,23:46:09,23.77
Junior,2017,17,17,Male,Male,20,Kayak,19:57:24,19.96
Junior,2017,17,17,Male,Male,2,Kayak,16:29:04,16.48
Junior,2017,17,18,Female,Female,17,Kayak,19:36:04,19.6
Junior,2017,18,17,Male,Male,12,Kayak,19:00:08,19
Junior,2017,16,18,Male,Male,,Kayak,,0
Junior,2017,15,16,Male,Male,18,Kayak,19:37:26,19.62
Junior,2017,16,16,Male,Male,34,Kayak,21:21:57,21.37
Junior,2017,16,16,Male,Male,72,Kayak,24:48:21,24.81
Junior,2017,17,17,Male,Male,56,Kayak,22:59:38,22.99
Junior,2017,16,16,Female,Female,50,Kayak,22:34:45,22.58
Junior,2017,18,17,Female,Female,77,Kayak,25:16:27,25.27
Junior,2017,17,18,Female,Female,67,Kayak,24:16:05,24.27
Junior,2017,16,16,Male,Male,60,Canadian,23:38:44,23.65
Junior,2017,15,15,Male,Male,27,Kayak,20:36:26,20.61
Junior,2017,16,17,Male,Male,59,Kayak,23:29:34,23.49
Junior,2017,16,15,Female,Female,54,Kayak,22:58:58,22.98
Junior,2017,16,16,Female,Female,73,Kayak,24:50:44,24.85
Junior,2017,15,15,Female,Female,78,Kayak,25:24:17,25.4
Junior,2017,16,16,Male,Male,24,Kayak,20:15:57,20.27
Junior,2017,16,17,Male,Male,31,Kayak,21:00:46,21.01
Junior,2017,17,17,Male,Male,29,Kayak,20:56:30,20.94
Junior,2017,16,17,Female,Female,41,Kayak,21:40:17,21.67
Junior,2017,16,16,Male,Male,22,Kayak,20:11:09,20.19
Junior,2017,17,16,Male,Male,42,Kayak,21:46:28,21.77
Junior,2017,16,17,Male,Male,38,Kayak,21:33:32,21.56
Junior,2017,16,17,Female,Female,48,Kayak,22:29:50,22.5
Junior,2017,16,17,Male,Male,62,Kayak,23:44:27,23.74
Junior,2017,17,16,Male,Male,80,Kayak,26:02:20,26.04
Junior,2016,16,17,Male,Male,1,Kayak,15:03:21,15.06
Junior,2016,18,15,Male,Female,2,Kayak,15:03:49,15.06
Junior,2016,16,16,Male,Male,3,Kayak,16:17:20,16.29
Junior,2016,17,17,Male,Male,4,Kayak,16:27:44,16.46
Junior,2016,16,18,Female,Female,5,Kayak,16:30:58,16.52
Junior,2016,18,18,Male,Male,6,Kayak,16:46:02,16.77
Junior,2016,16,16,Male,Male,7,Kayak,16:48:50,16.81
Junior,2016,16,16,Male,Male,8,Kayak,16:59:21,16.99
Junior,2016,16,16,Male,Female,9,Kayak,17:08:52,17.15
Junior,2016,16,16,Male,Male,10,Kayak,17:13:13,17.22
Junior,2016,16,17,Male,Male,11,Kayak,17:13:25,17.22
Junior,2016,17,17,Male,Male,12,Kayak,17:14:39,17.24
Junior,2016,17,16,Male,Male,13,Kayak,17:33:09,17.55
Junior,2016,16,14,Female,Male,14,Kayak,17:34:42,17.58
Junior,2016,17,17,Male,Male,15,Canadian,17:51:27,17.86
Junior,2016,16,16,Male,Male,16,Kayak,17:51:28,17.86
Junior,2016,16,18,Female,Female,17,Kayak,17:53:16,17.89
Junior,2016,17,17,Male,Male,18,Kayak,17:54:08,17.9
Junior,2016,16,16,Female,Female,19,Kayak,18:00:19,18.01
Junior,2016,17,16,Male,Male,20,Kayak,18:01:11,18.02
Junior,2016,16,16,Male,Male,21,Kayak,18:23:32,18.39
Junior,2016,16,16,Female,Female,22,Kayak,18:26:13,18.44
Junior,2016,16,17,Male,Male,23,Canadian,18:29:32,18.49
Junior,2016,16,16,Female,Male,24,Kayak,18:31:22,18.52
Junior,2016,16,17,Male,Male,25,Kayak,18:33:24,18.56
Junior,2016,17,16,Female,Male,26,Kayak,18:40:12,18.67
Junior,2016,17,17,Female,Male,27,Kayak,18:41:06,18.69
Junior,2016,16,17,Male,Male,28,Kayak,18:43:23,18.72
Junior,2016,15,16,Male,Male,29,Kayak,18:44:37,18.74
Junior,2016,16,18,Male,Male,30,Kayak,18:50:10,18.84
Junior,2016,16,16,Male,Male,31,Kayak,18:50:43,18.85
Junior,2016,15,15,Male,Male,32,Kayak,18:52:45,18.88
Junior,2016,17,16,Male,Male,33,Kayak,18:54:40,18.91
Junior,2016,17,16,Male,Male,34,Kayak,19:03:09,19.05
Junior,2016,17,16,Male,Male,35,Kayak,19:08:35,19.14
Junior,2016,18,16,Male,Male,36,Kayak,19:13:18,19.22
Junior,2016,16,15,Male,Male,37,Kayak,19:21:17,19.35
Junior,2016,16,16,Female,Female,38,Kayak,19:23:03,19.38
Junior,2016,16,16,Male,Male,39,Kayak,19:26:31,19.44
Junior,2016,15,15,Male,Male,40,Kayak,19:29:09,19.49
Junior,2016,16,17,Female,Female,41,Kayak,19:32:03,19.53
Junior,2016,17,17,Male,Male,42,Kayak,19:39:44,19.66
Junior,2016,17,16,Male,Male,43,Kayak,19:54:24,19.91
Junior,2016,17,16,Female,Female,44,Kayak,19:55:27,19.92
Junior,2016,15,16,Male,Male,45,Kayak,19:59:19,19.99
Junior,2016,16,17,Male,Male,46,Kayak,20:00:23,20.01
Junior,2016,16,16,Male,Male,47,Kayak,20:02:22,20.04
Junior,2016,16,15,Male,Male,48,Canadian,20:22:25,20.37
Junior,2016,16,16,Female,Female,49,Kayak,20:22:47,20.38
Junior,2016,17,17,Female,Female,50,Kayak,20:29:42,20.5
Junior,2016,16,16,Male,Male,51,Kayak,20:30:48,20.51
Junior,2016,17,16,Female,Female,52,Kayak,20:33:03,20.55
Junior,2016,16,16,Male,Male,53,Kayak,20:39:36,20.66
Junior,2016,17,16,Male,Male,54,Kayak,20:45:11,20.75
Junior,2016,17,16,Female,Female,55,Kayak,20:47:49,20.8
Junior,2016,16,16,Male,Male,56,Kayak,20:49:55,20.83
Junior,2016,16,17,Male,Male,57,Kayak,20:50:02,20.83
Junior,2016,16,16,Male,Male,58,Kayak,20:53:48,20.9
Junior,2016,15,16,Male,Male,59,Kayak,20:58:21,20.97
Junior,2016,17,17,Male,Female,60,Kayak,21:04:22,21.07
Junior,2016,16,17,Male,Male,61,Kayak,21:04:31,21.08
Junior,2016,16,16,Female,Female,62,Kayak,21:06:38,21.11
Junior,2016,18,18,Male,Male,63,Kayak,21:15:29,21.26
Junior,2016,16,16,Female,Female,64,Kayak,21:19:38,21.33
Junior,2016,17,16,Male,Male,65,Kayak,21:21:22,21.36
Junior,2016,17,17,Female,Female,66,Kayak,21:29:41,21.49
Junior,2016,16,16,Female,Female,67,Kayak,21:30:48,21.51
Junior,2016,15,16,Male,Male,68,Kayak,21:57:07,21.95
Junior,2016,16,17,Female,Female,69,Kayak,22:00:48,22.01
Junior,2016,16,16,Male,Male,70,Kayak,22:00:54,22.02
Junior,2016,17,16,Female,Female,71,Kayak,22:02:21,22.04
Junior,2016,17,17,Female,Female,72,Kayak,22:14:49,22.25
Junior,2016,16,16,Female,Female,73,Kayak,22:27:20,22.46
Junior,2016,16,16,Female,Female,74,Kayak,22:27:27,22.46
Junior,2016,17,17,Female,Female,75,Kayak,22:33:31,22.56
Junior,2016,17,16,Female,Female,76,Kayak,22:54:43,22.91
Junior,2016,16,17,Female,Female,77,Kayak,23:05:29,23.09
Junior,2016,17,17,Female,Female,78,Kayak,23:08:19,23.14
Junior,2016,16,17,Female,Female,79,Kayak,23:29:32,23.49
Junior,2016,17,18,Female,Female,80,Canadian,23:56:04,23.93
Junior,2016,17,17,Female,Female,81,Kayak,24:29:20,24.49
Junior,2016,16,17,Female,Female,82,Kayak,25:29:07,25.49
Junior,2015,17,18,Male,Male,1,Kayak,16:10:31,16.18
Junior,2015,17,16,Male,Male,2,Kayak,17:26:46,17.45
Junior,2015,15,18,Male,Male,3,Kayak,18:19:26,18.32
Junior,2015,18,18,Female,Male,4,Kayak,18:37:39,18.63
Junior,2015,15,16,Male,Male,5,Kayak,19:10:03,19.17
Junior,2015,17,18,Male,Male,6,Kayak,19:47:39,19.79
Junior,2015,15,15,Male,Male,7,Kayak,19:49:34,19.83
Junior,2015,17,18,Female,Female,8,Kayak,19:59:13,19.99
Junior,2015,16,16,Male,Male,9,Kayak,20:10:02,20.17
Junior,2015,15,15,Male,Male,10,Kayak,20:14:13,20.24
Junior,2015,17,16,Male,Male,11,Kayak,20:33:35,20.56
Junior,2015,16,16,Male,Male,12,Kayak,20:35:56,20.6
Junior,2015,15,15,Male,Male,13,Kayak,20:36:26,20.61
Junior,2015,16,17,Male,Male,14,Kayak,20:36:27,20.61
Junior,2015,17,17,Male,Male,15,Kayak,20:47:18,20.79
Junior,2015,17,16,Female,Female,16,Kayak,20:48:40,20.81
Junior,2015,17,16,Male,Male,17,Kayak,20:53:00,20.88
Junior,2015,17,17,Female,Male,18,Kayak,21:02:23,21.04
Junior,2015,18,18,Male,Male,19,Kayak,21:07:18,21.12
Junior,2015,17,17,Male,Male,20,Kayak,21:09:36,21.16
Junior,2015,16,16,Male,Female,21,Kayak,21:27:11,21.45
Junior,2015,17,16,Female,Male,22,Kayak,21:29:31,21.49
Junior,2015,16,16,Male,Male,23,Kayak,21:35:19,21.59
Junior,2015,17,17,Male,Male,24,Kayak,21:40:32,21.68
Junior,2015,16,17,Male,Male,25,Kayak,21:51:57,21.87
Junior,2015,16,16,Male,Male,26,Kayak,21:58:12,21.97
Junior,2015,16,16,Male,Male,27,Canadian,22:08:00,22.13
Junior,2015,18,18,Male,Male,28,Kayak,22:15:31,22.26
Junior,2015,16,15,Male,Male,29,Kayak,22:36:54,22.62
Junior,2015,16,16,Male,Male,30,Canadian,22:37:02,22.62
Junior,2015,18,18,Male,Male,31,Kayak,22:37:53,22.63
Junior,2015,18,16,Male,Female,32,Kayak,22:42:52,22.71
Junior,2015,18,17,Male,Male,33,Kayak,22:43:50,22.73
Junior,2015,16,16,Male,Male,34,Kayak,22:48:37,22.81
Junior,2015,16,16,Male,Male,35,Kayak,22:49:01,22.82
Junior,2015,17,16,Female,Female,36,Kayak,23:02:15,23.04
Junior,2015,16,17,Female,Female,37,Kayak,23:07:31,23.13
Junior,2015,16,16,Male,Male,38,Kayak,23:13:18,23.22
Junior,2015,16,15,Male,Male,39,Kayak,23:16:00,23.27
Junior,2015,16,17,Male,Male,40,Kayak,23:19:17,23.32
Junior,2015,17,17,Male,Male,41,Kayak,23:29:51,23.5
Junior,2015,17,16,Female,Male,42,Kayak,23:31:21,23.52
Junior,2015,16,16,Female,Female,43,Kayak,23:32:12,23.54
Junior,2015,17,17,Female,Female,44,Kayak,23:35:18,23.59
Junior,2015,16,16,Female,Female,45,Kayak,23:46:54,23.78
Junior,2015,16,16,Male,Female,46,Kayak,23:47:14,23.79
Junior,2015,16,16,Male,Male,47,Kayak,23:49:00,23.82
Junior,2015,17,16,Male,Female,48,Kayak,23:55:53,23.93
Junior,2015,17,15,Female,Female,49,Kayak,23:57:50,23.96
Junior,2015,17,16,Male,Female,50,Kayak,24:10:04,24.17
Junior,2015,16,16,Female,Female,51,Kayak,24:13:51,24.23
Junior,2015,17,16,Male,Male,52,Kayak,24:15:41,24.26
Junior,2015,16,16,Female,Female,53,Kayak,24:30:57,24.52
Junior,2015,16,16,Female,Female,54,Kayak,24:34:19,24.57
Junior,2015,16,17,Male,Male,55,Kayak,24:36:42,24.61
Junior,2015,16,17,Male,Male,56,Kayak,24:37:28,24.62
Junior,2015,16,15,Female,Male,57,Kayak,24:43:14,24.72
Junior,2015,17,16,Male,Female,58,Kayak,24:23:32,24.39
Junior,2015,17,17,Female,Male,59,Kayak,24:47:04,24.78
Junior,2015,17,16,Female,Female,60,Kayak,24:48:48,24.81
Junior,2015,16,16,Male,Male,61,Kayak,24:49:13,24.82
Junior,2015,16,16,Male,Female,62,Kayak,24:52:00,24.87
Junior,2015,17,17,Male,Male,63,Kayak,25:05:27,25.09
Junior,2015,18,17,Female,Female,64,Kayak,25:09:43,25.16
Junior,2015,17,16,Male,Male,65,Kayak,25:15:36,25.26
Junior,2015,16,17,Female,Female,66,Kayak,25:24:29,25.41
Junior,2015,16,16,Female,Female,67,Kayak,25:36:01,25.6
Junior,2015,15,15,Male,Male,68,Kayak,25:43:21,25.72
Junior,2015,16,16,Male,Male,69,Kayak,25:50:28,25.84
Junior,2015,17,16,Male,Male,70,Kayak,25:50:52,25.85
Junior,2015,16,17,Male,Male,71,Kayak,25:51:14,25.85
Junior,2015,17,16,Female,Male,72,Kayak,26:00:34,26.01
Junior,2015,17,17,Female,Female,73,Kayak,26:01:44,26.03
Junior,2015,15,16,Female,Male,74,Canadian,26:42:04,26.7
Junior,2015,15,15,Male,Female,75,Canadian,26:54:40,26.91
Junior,2015,17,16,Male,Female,76,Kayak,27:23:32,27.39
Junior,2015,17,16,Female,Female,77,Kayak,27:18:52,27.31
Junior,2015,16,17,Female,Female,78,Kayak,28:00:43,28.01
Junior,2014,16,17,Male,Male,1,Kayak,16:20:16,16.34
Junior,2014,16,15,Male,Male,2,Kayak,18:05:35,18.09
Junior,2014,15,15,Male,Male,3,Kayak,18:31:58,18.53
Junior,2014,17,16,Male,Male,4,Kayak,19:06:10,19.1
Junior,2014,16,17,Male,Male,5,Kayak,19:16:18,19.27
Junior,2014,16,17,Male,Male,6,Kayak,19:47:54,19.8
Junior,2014,18,18,Female,Male,7,Kayak,20:15:49,20.26
Junior,2014,16,16,Male,Male,8,Kayak,20:20:03,20.33
Junior,2014,16,18,Male,Male,9,Kayak,20:28:16,20.47
Junior,2014,16,16,Male,Male,10,Kayak,20:30:20,20.51
Junior,2014,18,18,Male,Male,11,Kayak,20:30:36,20.51
Junior,2014,16,16,Male,Male,12,Kayak,20:53:41,20.89
Junior,2014,16,17,Male,Male,13,Kayak,20:54:48,20.91
Junior,2014,16,16,Female,Female,14,Kayak,20:59:43,21
Junior,2014,16,17,Male,Male,15,Kayak,21:02:28,21.04
Junior,2014,16,16,Male,Male,16,Kayak,21:10:15,21.17
Junior,2014,16,16,Male,Male,17,Kayak,21:12:41,21.21
Junior,2014,15,16,Male,Male,18,Kayak,21:13:31,21.23
Junior,2014,16,16,Male,Male,19,Kayak,21:17:02,21.28
Junior,2014,17,16,Male,Male,20,Kayak,21:27:42,21.46
Junior,2014,16,16,Female,Female,21,Kayak,21:32:51,21.55
Junior,2014,17,16,Male,Male,22,Kayak,21:34:06,21.57
Junior,2014,16,17,Male,Female,23,Kayak,21:45:19,21.76
Junior,2014,16,15,Male,Male,24,Kayak,21:50:46,21.85
Junior,2014,16,17,Male,Male,25,Kayak,21:54:19,21.91
Junior,2014,16,16,Male,Male,26,Kayak,21:55:50,21.93
Junior,2014,16,17,Male,Female,27,Kayak,22:03:20,22.06
Junior,2014,17,17,Male,Male,28,Kayak,22:05:03,22.08
Junior,2014,16,16,Female,Female,29,Kayak,22:07:57,22.13
Junior,2014,16,16,Male,Female,30,Kayak,22:09:13,22.15
Junior,2014,17,16,Male,Male,31,Kayak,22:35:50,22.6
Junior,2014,16,17,Male,Male,32,Kayak,22:38:15,22.64
Junior,2014,16,16,Female,Female,33,Kayak,22:45:08,22.75
Junior,2014,17,17,Male,Male,34,Kayak,22:52:31,22.88
Junior,2014,17,16,Male,Male,35,Kayak,23:10:09,23.17
Junior,2014,16,17,Female,Male,36,Kayak,23:12:06,23.2
Junior,2014,17,17,Female,Female,37,Kayak,23:14:27,23.24
Junior,2014,17,16,Female,Male,38,Kayak,23:14:34,23.24
Junior,2014,17,16,Male,Female,39,Kayak,23:19:47,23.33
Junior,2014,17,16,Male,Male,40,Canadian,23:24:27,23.41
Junior,2014,16,16,Male,Male,41,Kayak,23:31:53,23.53
Junior,2014,16,16,Female,Female,42,Kayak,23:42:18,23.71
Junior,2014,16,17,Male,Male,43,Kayak,23:46:37,23.78
Junior,2014,17,16,Male,Female,44,Kayak,24:08:40,24.14
Junior,2014,15,15,Male,Male,45,Canadian,24:22:32,24.38
Junior,2014,16,17,Female,Female,46,Kayak,24:26:09,24.44
Junior,2014,17,16,Female,Female,47,Kayak,24:26:13,24.44
Junior,2014,16,16,Female,Female,48,Kayak,24:34:28,24.57
Junior,2014,17,16,Male,Male,49,Kayak,24:35:03,24.58
Junior,2014,16,16,Male,Male,50,Kayak,24:52:13,24.87
Junior,2014,17,17,Male,Male,51,Canadian,25:06:55,25.12
Junior,2014,16,16,Female,Female,52,Kayak,25:14:42,25.25
Junior,2014,16,16,Female,Female,53,Kayak,25:27:22,25.46
Junior,2014,16,17,Female,Female,54,Kayak,25:27:59,25.47
Junior,2014,15,15,Male,Male,55,Kayak,26:58:31,26.98
Junior,2014,16,16,Male,Male,56,Kayak,27:02:20,27.04
Junior,2014,17,17,Female,Female,57,Canadian,28:08:57,28.15
Junior,2014,18,17,Female,Female,58,Kayak,29:36:07,29.6
Junior,2014,16,16,Female,Female,59,Kayak,29:43:51,29.73
Junior,2013,18,18,Male,Male,1,Kayak,15:12:56,15.22
Junior,2013,17,17,Male,Male,2,Kayak,16:56:21,16.94
Junior,2013,15,15,Male,Male,3,Kayak,16:57:40,16.96
Junior,2013,17,18,Male,Male,4,Kayak,17:35:40,17.59
Junior,2013,16,17,Male,Male,5,Kayak,17:39:37,17.66
Junior,2013,18,18,Female,Female,6,Kayak,18:25:23,18.42
Junior,2013,17,17,Male,Male,7,Kayak,19:10:47,19.18
Junior,2013,16,18,Male,Male,8,Kayak,19:24:17,19.4
Junior,2013,17,16,Male,Male,9,Kayak,19:40:37,19.68
Junior,2013,16,17,Male,Male,10,Kayak,19:45:24,19.76
Junior,2013,17,17,Male,Male,11,Kayak,20:11:15,20.19
Junior,2013,16,17,Male,Male,12,Canadian,20:12:01,20.2
Junior,2013,18,18,Male,Male,13,Kayak,20:26:29,20.44
Junior,2013,18,17,Female,Male,14,Kayak,20:32:12,20.54
Junior,2013,16,17,Male,Male,15,Kayak,20:32:55,20.55
Junior,2013,17,16,Male,Female,16,Kayak,20:41:00,20.68
Junior,2013,16,16,Male,Male,17,Kayak,20:52:50,20.88
Junior,2013,16,17,Male,Male,18,Kayak,20:55:38,20.93
Junior,2013,18,17,Male,Male,19,Kayak,21:02:14,21.04
Junior,2013,16,16,Male,Male,20,Kayak,21:06:05,21.1
Junior,2013,15,18,Male,Female,21,Kayak,21:08:29,21.14
Junior,2013,16,16,Male,Male,22,Kayak,21:19:29,21.32
Junior,2013,16,17,Male,Male,23,Kayak,21:21:54,21.37
Junior,2013,17,15,Female,Female,24,Kayak,21:23:46,21.4
Junior,2013,17,18,Male,Male,25,Kayak,21:26:53,21.45
Junior,2013,17,18,Male,Male,26,Canadian,21:31:51,21.53
Junior,2013,16,17,Male,Male,27,Kayak,21:33:57,21.57
Junior,2013,17,17,Male,Male,28,Kayak,21:38:36,21.64
Junior,2013,16,16,Male,Male,29,Kayak,21:39:37,21.66
Junior,2013,15,15,Male,Male,30,Kayak,21:43:26,21.72
Junior,2013,16,16,Male,Male,31,Kayak,21:55:55,21.93
Junior,2013,16,16,Male,Male,32,Kayak,22:00:05,22
Junior,2013,16,16,Male,Male,33,Kayak,22:04:53,22.08
Junior,2013,16,16,Male,Male,34,Kayak,22:08:00,22.13
Junior,2013,16,16,Female,Female,35,Kayak,22:11:37,22.19
Junior,2013,16,16,Male,Male,36,Kayak,22:18:19,22.31
Junior,2013,15,17,Female,Male,37,Kayak,22:21:52,22.36
Junior,2013,17,16,Male,Male,38,Kayak,22:22:25,22.37
Junior,2013,17,17,Male,Male,39,Kayak,22:24:55,22.42
Junior,2013,16,16,Male,Male,40,Kayak,22:27:00,22.45
Junior,2013,16,16,Female,Female,41,Kayak,22:40:30,22.68
Junior,2013,16,16,Female,Female,42,Kayak,22:43:45,22.73
Junior,2013,16,17,Male,Male,43,Kayak,22:48:48,22.81
Junior,2013,18,18,Male,Male,44,Canadian,22:59:57,23
Junior,2013,16,17,Female,Male,45,Kayak,23:03:04,23.05
Junior,2013,16,16,Male,Male,46,Kayak,23:03:09,23.05
Junior,2013,18,17,Female,Female,47,Kayak,23:06:19,23.11
Junior,2013,17,16,Male,Female,48,Kayak,23:13:36,23.23
Junior,2013,17,15,Female,Female,49,Kayak,23:21:41,23.36
Junior,2013,16,16,Female,Female,50,Kayak,23:30:05,23.5
Junior,2013,16,16,Male,Female,51,Kayak,23:37:28,23.62
Junior,2013,16,17,Male,Male,52,Kayak,23:46:10,23.77
Junior,2013,17,16,Male,Male,53,Kayak,24:21:12,24.35
Junior,2013,17,17,Male,Male,54,Kayak,24:25:14,24.42
Junior,2013,16,16,Male,Male,55,Canadian,24:35:30,24.59
Junior,2013,16,17,Male,Male,56,Kayak,24:45:43,24.76
Junior,2013,17,16,Female,Male,57,Kayak,24:55:13,24.92
Junior,2013,16,17,Male,Male,58,Kayak,24:58:09,24.97
Junior,2013,17,18,Female,Female,59,Kayak,25:00:36,25.01
Junior,2013,17,17,Female,Female,60,Kayak,25:12:28,25.21
Junior,2013,17,16,Male,Female,61,Kayak,25:12:33,25.21
Junior,2013,17,16,Male,Male,62,Kayak,25:16:51,25.28
Junior,2013,17,17,Male,Male,63,Kayak,25:23:16,25.39
Junior,2013,15,15,Male,Male,64,Kayak,25:23:31,25.39
Junior,2013,16,16,Female,Female,65,Kayak,25:37:12,25.62
Junior,2013,17,16,Female,Female,66,Kayak,25:39:44,25.66
Junior,2013,16,16,Female,Female,67,Kayak,27:05:25,27.09
Junior,2013,17,17,Female,Female,68,Kayak,27:09:00,27.15
Junior,2013,17,17,Female,Female,69,Kayak,27:20:36,27.34
Junior,2013,16,16,Male,Female,70,Canadian,27:41:08,27.69
Junior,2013,17,18,Female,Male,71,Canadian,28:21:09,28.35
Junior,2013,15,16,Female,Female,72,Kayak,28:46:48,28.78
Junior,2013,15,15,Female,Female,73,Kayak,30:17:37,30.29
Senior,2023,42,32,Male,Male,1,Kayak,15:19:35,15.33
Senior,2023,39,19,Male,Male,2,Kayak,16:45:55,16.77
Senior,2023,25,37,Male,Female,3,Kayak,16:55:20,16.92
Senior,2023,34,23,Male,Male,4,Kayak,16:57:21,16.96
Senior,2023,23,23,Male,Male,5,Kayak,17:02:47,17.05
Senior,2023,47,35,Male,Male,6,Kayak,17:41:48,17.7
Senior,2023,23,32,Female,Male,7,Kayak,18:21:40,18.36
Senior,2023,51,20,Male,Male,8,Kayak,18:39:41,18.66
Senior,2023,42,46,Male,,9,Kayak,18:47:02,18.78
Senior,2023,37,47,Male,Male,10,Kayak,18:48:37,18.81
Senior,2023,31,44,Male,Male,11,Kayak,18:57:33,18.96
Senior,2023,29,29,Female,Male,12,Canadian,19:01:38,19.03
Senior,2023,53,23,Male,Male,13,Kayak,19:22:01,19.37
Senior,2023,57,38,Male,Male,14,Kayak,19:28:00,19.47
Senior,2023,24,25,Male,Male,15,Kayak,19:31:23,19.52
Senior,2023,48,49,Male,Male,16,Kayak,19:31:37,19.53
Senior,2023,34,30,Male,Male,17,Kayak,19:40:48,19.68
Senior,2023,46,47,Male,Male,18,Kayak,19:42:40,19.71
Senior,2023,29,53,Female,Male,19,Kayak,19:46:39,19.78
Senior,2023,45,58,Male,Male,20,Kayak,20:30:15,20.5
Senior,2023,45,40,Male,Male,23,Kayak,21:37:03,21.62
Senior,2023,67,51,Male,Male,22,Kayak,21:37:28,21.62
Senior,2023,45,41,Male,Male,25,Folding Boat,21:53:37,21.89
Senior,2023,56,27,Male,Female,24,Kayak,23:03:25,23.06
Senior,2023,53,32,Male,Male,26,Kayak,23:20:03,23.33
Senior,2023,56,52,Male,Male,27,Kayak,23:45:55,23.77
Senior,2023,56,64,Female,Female,28,Canadian,23:58:25,23.97
Senior,2023,56,45,Male,Male,29,Kayak,26:03:09,26.05
Senior,2023,64,30,Male,Male,30,Canadian,26:21:40,26.36
Senior,2023,,,Male,Male,21,Canadian,21:13:51,21.23
Senior,2022,32,29,Male,Male,1,Kayak,15:12:15,15.2
Senior,2022,33,24,Male,Male,2,Kayak,15:19:17,15.32
Senior,2022,41,31,Male,Male,3,Kayak,16:49:47,16.83
Senior,2022,42,36,Male,Male,4,Kayak,17:11:37,17.19
Senior,2022,52,60,Male,Male,5,Kayak,17:16:21,17.27
Senior,2022,52,22,Male,Male,6,Kayak,17:30:37,17.51
Senior,2022,26,29,Male,Male,7,Kayak,17:46:11,17.77
Senior,2022,31,31,Male,Male,8,Kayak,17:59:05,17.98
Senior,2022,58,62,Male,Male,9,Kayak,18:09:52,18.16
Senior,2022,30,34,Male,Female,10,Canadian,18:19:11,18.32
Senior,2022,45,46,Male,Male,11,Kayak,18:50:02,18.83
Senior,2022,56,50,Male,Male,12,Kayak,18:51:08,18.85
Senior,2022,58,55,Male,Male,13,Kayak,19:03:48,19.06
Senior,2022,51,37,Male,Male,14,Kayak,19:08:40,19.14
Senior,2022,67,67,Male,Male,15,Kayak,19:11:08,19.19
Senior,2022,33,29,Male,Male,16,Kayak,19:32:12,19.54
Senior,2022,34,22,Male,Male,17,Kayak,19:32:30,19.54
Senior,2022,52,23,Male,Male,18,Kayak,19:44:31,19.74
Senior,2022,26,30,Male,Male,19,Kayak,19:47:46,19.8
Senior,2022,47,59,Male,Male,20,Kayak,19:47:51,19.8
Senior,2022,30,26,Male,Male,21,Kayak,19:59:49,20
Senior,2022,39,57,Male,Male,22,Kayak,20:03:16,20.05
Senior,2022,30,35,Male,Male,23,Kayak,20:33:51,20.56
Senior,2022,44,42,Male,Male,24,Folding Boat,20:40:57,20.68
Senior,2022,22,58,Male,Male,25,Kayak,21:02:01,21.03
Senior,2022,55,44,Male,Male,26,Kayak,21:02:38,21.04
Senior,2022,34,22,Male,Male,27,Kayak,21:03:42,21.06
Senior,2022,51,55,Male,Male,28,Kayak,21:20:06,21.34
Senior,2022,24,30,Male,Male,29,Kayak,21:24:54,21.42
Senior,2022,51,50,Male,Male,30,Kayak,21:34:31,21.58
Senior,2022,52,53,Male,Male,31,Kayak,22:00:29,22.01
Senior,2022,54,54,Male,Male,32,Kayak,22:15:31,22.26
Senior,2022,49,61,Male,Male,33,Kayak,22:17:01,22.28
Senior,2022,44,62,Female,Male,34,Kayak,22:39:25,22.66
Senior,2022,26,22,Male,Male,35,Kayak,22:49:23,22.82
Senior,2022,54,52,Male,Female,36,Canadian,23:00:09,23
Senior,2022,53,55,Male,Male,37,Kayak,23:08:13,23.14
Senior,2022,41,41,Male,Male,38,Kayak,23:19:04,23.32
Senior,2022,51,60,Male,Male,39,Kayak,23:32:04,23.53
Senior,2022,68,33,Male,Male,40,Canadian,23:48:33,23.81
Senior,2022,68,68,Male,Male,41,Kayak,24:07:23,24.12
Senior,2022,40,43,Male,Male,42,Folding Boat,24:20:29,24.34
Senior,2022,56,58,Male,Male,43,Kayak,25:12:15,25.2
Senior,2022,32,32,Male,Male,44,Folding Boat,25:52:21,25.87
Senior,2022,54,59,Male,Male,45,Folding Boat,26:01:10,26.02
Senior,2022,38,60,Male,Male,46,Kayak,26:10:28,26.17
Senior,2022,58,57,Male,Male,47,Canadian,26:14:14,26.24
Senior,2021,,,,,0,Kayak,20:01:26,20.02
Senior,2019,40,36,Male,Male,61,Kayak,24:40:40,24.68
Senior,2019,32,34,Female,Male,43,Kayak,23:43:40,23.73
Senior,2019,38,36,Female,Female,19,Kayak,21:29:27,21.49
Senior,2019,33,43,Male,Male,8,Kayak,19:57:53,19.96
Senior,2019,55,52,Male,Male,16,Kayak,21:00:40,21.01
Senior,2019,50,41,Male,Female,104,Kayak,33:58:12,33.97
Senior,2019,45,35,Male,Female,55,Kayak,24:22:50,24.38
Senior,2019,32,48,Male,Male,76,Kayak,26:02:19,26.04
Senior,2019,45,49,Male,Male,81,Kayak,26:37:48,26.63
Senior,2019,51,29,Male,Male,57,Kayak,24:35:11,24.59
Senior,2019,49,44,Female,Male,69,Kayak,25:30:34,25.51
Senior,2019,26,27,Female,Female,41,Kayak,23:34:13,23.57
Senior,2019,29,29,Male,Female,72,Kayak,25:42:46,25.71
Senior,2019,28,32,Male,Female,91,Canadian,27:59:49,28
Senior,2019,38,41,Male,Male,98,Canadian,29:57:20,29.96
Senior,2019,50,52,Male,Male,54,Kayak,24:22:41,24.38
Senior,2019,48,57,Male,Male,101,Kayak,32:25:35,32.43
Senior,2019,52,52,Male,Male,56,Canadian,24:24:33,24.41
Senior,2019,35,35,Male,Female,40,Canadian,23:33:32,23.56
Senior,2019,49,49,Male,Male,93,Kayak,28:33:30,28.56
Senior,2019,30,30,Male,Male,52,Kayak,24:12:29,24.21
Senior,2019,54,55,Female,Male,78,Kayak,26:22:55,26.38
Senior,2019,41,59,Female,Male,47,Kayak,23:54:39,23.91
Senior,2019,52,21,Male,Male,24,Kayak,22:00:10,22
Senior,2019,48,46,Male,Male,26,Kayak,22:20:30,22.34
Senior,2019,49,60,Male,Female,83,Canadian,26:47:43,26.8
Senior,2019,35,41,Female,Female,106,Canadian,34:31:36,34.53
Senior,2019,62,34,Male,Female,59,Kayak,24:36:11,24.6
Senior,2019,37,40,Male,Male,62,Kayak,24:41:42,24.7
Senior,2019,58,52,Male,Male,45,Canadian,23:48:38,23.81
Senior,2019,35,44,Male,Male,79,Kayak,26:27:03,26.45
Senior,2019,47,49,Male,Male,100,Folding Boat,32:19:08,32.32
Senior,2019,40,38,Male,Male,36,Kayak,23:15:32,23.26
Senior,2019,63,47,Male,Male,31,Kayak,22:57:37,22.96
Senior,2019,47,49,Male,Male,96,Kayak,28:49:36,28.83
Senior,2019,72,74,Male,Male,84,Kayak,27:06:11,27.1
Senior,2019,52,60,Female,Female,65,Canadian,25:01:14,25.02
Senior,2019,63,36,Male,Male,12,Kayak,20:30:57,20.52
Senior,2019,53,30,Male,Female,28,Kayak,22:36:59,22.62
Senior,2019,32,38,Male,Male,105,Kayak,34:16:30,34.28
Senior,2019,27,47,Female,Male,67,Kayak,25:23:13,25.39
Senior,2019,48,48,Male,Male,86,Kayak,27:20:11,27.34
Senior,2019,62,65,Male,Male,107,Kayak,34:53:15,34.89
Senior,2019,33,39,Male,Male,102,Kayak,33:25:43,33.43
Senior,2019,51,52,Male,Male,95,Kayak,28:44:08,28.74
Senior,2019,40,55,Male,Male,10,Kayak,20:07:05,20.12
Senior,2019,41,35,Male,Female,50,Kayak,24:06:40,24.11
Senior,2019,38,19,Male,Male,53,Kayak,24:14:03,24.23
Senior,2019,25,47,Male,Male,74,Kayak,25:59:13,25.99
Senior,2019,41,49,Female,Male,51,Kayak,24:11:07,24.19
Senior,2019,25,52,Male,Male,14,Kayak,20:45:38,20.76
Senior,2019,27,30,Male,Male,46,Kayak,23:53:59,23.9
Senior,2019,28,24,Male,Male,109,Canadian,36:46:48,36.78
Senior,2019,49,54,Male,Male,110,Canadian,36:56:40,36.94
Senior,2019,60,33,Male,Female,94,Canadian,28:38:48,28.65
Senior,2019,37,35,Male,Female,38,Kayak,23:25:19,23.42
Senior,2019,48,47,Male,Male,80,Kayak,26:37:35,26.63
Senior,2019,24,39,Female,Male,1,Kayak,18:01:58,18.03
Senior,2019,51,53,Male,Male,35,Kayak,23:15:16,23.25
Senior,2019,61,64,Male,Male,34,Kayak,23:04:54,23.08
Senior,2019,56,54,Male,Male,66,Kayak,25:12:25,25.21
Senior,2019,41,40,Male,Male,3,Kayak,18:34:07,18.57
Senior,2019,50,51,Female,Female,60,Kayak,24:40:36,24.68
Senior,2019,41,39,Male,Male,18,Kayak,21:21:51,21.36
Senior,2019,26,61,Male,Male,103,Kayak,33:51:00,33.85
Senior,2019,46,42,Male,Male,113,Folding Boat,37:40:34,37.68
Senior,2019,26,47,Female,Male,13,Kayak,20:42:25,20.71
Senior,2019,56,27,Male,Male,49,Kayak,24:01:16,24.02
Senior,2019,18,19,Male,Male,48,Kayak,23:55:56,23.93
Senior,2019,33,32,Male,Male,44,Kayak,23:45:52,23.76
Senior,2019,34,31,Male,Male,17,Kayak,21:21:43,21.36
Senior,2019,23,29,Male,Male,77,Kayak,26:20:45,26.35
Senior,2019,25,57,Female,Male,42,Kayak,23:37:57,23.63
Senior,2019,24,25,Male,Male,75,Kayak,26:00:59,26.02
Senior,2019,43,39,Female,Female,87,Canadian,27:23:04,27.38
Senior,2019,19,18,Male,Female,82,Kayak,26:45:38,26.76
Senior,2019,49,48,Male,Male,33,Kayak,23:01:28,23.02
Senior,2019,55,47,Male,Male,114,Kayak,44:24:57,44.42
Senior,2019,65,56,Male,Female,89,Canadian,27:54:56,27.92
Senior,2019,30,33,Male,Female,73,Kayak,25:44:34,25.74
Senior,2019,54,46,Male,Male,37,Kayak,23:18:26,23.31
Senior,2019,49,20,Male,Male,30,Kayak,22:44:05,22.73
Senior,2019,49,60,Male,Male,25,Kayak,22:19:04,22.32
Senior,2019,34,48,Male,Male,71,Kayak,25:35:05,25.58
Senior,2019,45,47,Male,Male,5,Kayak,19:39:51,19.66
Senior,2019,45,56,Male,Male,99,Kayak,31:41:40,31.69
Senior,2019,39,42,Male,Male,4,Kayak,19:36:38,19.61
Senior,2019,43,39,Male,Male,97,Kayak,29:20:18,29.34
Senior,2019,41,39,Male,Male,111,Kayak,37:17:19,37.29
Senior,2019,23,22,Male,Male,64,Kayak,24:58:13,24.97
Senior,2019,30,26,Male,Male,7,Kayak,19:49:46,19.83
Senior,2019,49,22,Female,Female,85,Kayak,27:18:32,27.31
Senior,2019,20,20,Male,Female,70,Kayak,25:33:01,25.55
Senior,2019,21,19,Female,Male,63,Kayak,24:48:11,24.8
Senior,2019,57,50,Male,Male,29,Kayak,22:42:19,22.71
Senior,2019,61,23,Male,Male,92,Kayak,28:24:34,28.41
Senior,2019,53,55,Male,Male,112,Kayak,37:28:30,37.48
Senior,2019,41,28,Male,Male,20,Kayak,21:40:29,21.67
Senior,2019,38,28,Male,Male,2,Kayak,18:15:06,18.25
Senior,2019,56,45,Male,Male,58,Canadian,24:35:31,24.59
Senior,2019,37,57,Female,Male,27,Kayak,22:30:51,22.51
Senior,2019,50,42,Male,Male,6,Kayak,19:49:20,19.82
Senior,2019,37,39,Male,Male,68,Folding Boat,25:23:45,25.4
Senior,2019,42,43,Male,Male,15,Kayak,20:50:49,20.85
Senior,2019,37,43,Male,Male,88,Folding Boat,27:27:43,27.46
Senior,2019,40,37,Male,Male,39,Kayak,23:27:02,23.45
Senior,2019,33,26,Male,Male,21,Kayak,21:43:08,21.72
Senior,2019,21,21,Male,Male,32,Kayak,23:00:11,23
Senior,2019,29,36,Male,Male,108,Folding Boat,36:16:16,36.27
Senior,2019,40,43,Female,Male,90,Kayak,27:56:50,27.95
Senior,2019,28,29,Male,Male,23,Kayak,21:59:52,22
Senior,2019,19,19,Male,Male,22,Kayak,21:54:53,21.91
Senior,2019,29,27,Male,Male,11,Kayak,20:20:42,20.35
Senior,2019,23,26,Male,Male,9,Kayak,20:02:15,20.04
Senior,2017,52,55,Male,Male,30,Canadian,22:49:47,22.83
Senior,2017,35,36,Male,Male,54,Kayak,24:14:53,24.25
Senior,2017,56,50,Male,Male,38,Canadian,23:34:25,23.57
Senior,2017,30,43,Female,Male,29,Kayak,22:48:46,22.81
Senior,2017,36,32,Female,Female,49,Canadian,24:11:02,24.18
Senior,2017,48,50,Male,Male,71,Kayak,25:43:45,25.73
Senior,2017,39,52,Male,Male,15,Kayak,20:37:43,20.63
Senior,2017,45,22,Male,Male,12,Kayak,20:24:57,20.42
Senior,2017,20,20,Male,Male,58,Kayak,24:46:10,24.77
Senior,2017,31,53,Female,Male,32,Kayak,22:53:54,22.9
Senior,2017,51,59,Male,Male,113,Canadian,35:59:31,35.99
Senior,2017,36,28,Male,Male,13,Kayak,20:27:05,20.45
Senior,2017,45,47,Male,Male,68,Kayak,25:36:30,25.61
Senior,2017,49,48,Male,Male,97,Kayak,28:11:37,28.19
Senior,2017,33,34,Female,Female,90,Kayak,27:22:18,27.37
Senior,2017,61,45,Male,Male,37,Kayak,23:29:45,23.5
Senior,2017,50,38,Male,Male,16,Kayak,20:56:03,20.93
Senior,2017,46,46,Male,Male,94,Kayak,27:41:58,27.7
Senior,2017,37,39,Male,Male,25,Kayak,22:24:00,22.4
Senior,2017,21,19,Male,Male,39,Kayak,23:45:35,23.76
Senior,2017,39,37,Male,Male,11,Kayak,20:20:16,20.34
Senior,2017,36,39,Male,Male,109,Canadian,33:24:39,33.41
Senior,2017,25,26,Male,Male,118,Kayak,39:06:29,39.11
Senior,2017,49,46,Male,Male,107,Kayak,33:07:43,33.13
Senior,2017,30,33,Male,Male,31,Kayak,22:52:46,22.88
Senior,2017,19,19,Male,Male,64,Kayak,25:24:17,25.4
Senior,2017,52,46,Male,Male,103,Canadian,30:16:53,30.28
Senior,2017,47,45,Male,Male,55,Kayak,24:33:55,24.57
Senior,2017,47,18,Male,Male,46,Kayak,24:03:26,24.06
Senior,2017,42,26,Male,Male,2,Kayak,17:46:50,17.78
Senior,2017,30,29,Female,Female,57,Kayak,24:40:15,24.67
Senior,2017,48,43,Male,Male,114,Folding Boat,37:16:19,37.27
Senior,2017,71,27,Male,Female,98,Kayak,29:07:16,29.12
Senior,2017,31,30,Male,Male,88,Kayak,27:04:38,27.08
Senior,2017,57,58,Male,Male,56,Canadian,24:35:37,24.59
Senior,2017,59,62,Male,Male,34,Kayak,23:23:13,23.39
Senior,2017,32,37,Male,Male,42,Kayak,23:54:13,23.9
Senior,2017,53,45,Male,Male,106,Kayak,32:38:01,32.63
Senior,2017,54,39,Male,Male,33,Canadian,22:55:58,22.93
Senior,2017,39,57,Female,Male,78,Kayak,26:18:24,26.31
Senior,2017,53,53,Male,Male,69,Kayak,25:37:04,25.62
Senior,2017,32,54,Male,Male,20,Kayak,21:36:18,21.61
Senior,2017,28,32,Male,Female,82,Kayak,26:32:46,26.55
Senior,2017,62,23,Male,Male,96,Canadian,28:06:08,28.1
Senior,2017,51,49,Male,Female,44,Canadian,23:58:48,23.98
Senior,2017,48,47,Male,Male,76,Kayak,25:59:51,26
Senior,2017,48,31,Male,Male,24,Kayak,22:03:55,22.07
Senior,2017,62,59,Male,Male,89,Canadian,27:19:26,27.32
Senior,2017,23,20,Male,Male,5,Kayak,18:54:38,18.91
Senior,2017,34,35,Male,Male,86,Kayak,26:56:28,26.94
Senior,2017,33,26,Male,Male,72,Canadian,25:44:12,25.74
Senior,2017,35,28,Female,Female,91,Kayak,27:23:05,27.38
Senior,2017,44,63,Male,Male,100,Kayak,29:31:05,29.52
Senior,2017,53,54,Male,Male,59,Kayak,24:50:22,24.84
Senior,2017,34,36,Male,Male,52,Kayak,24:14:30,24.24
Senior,2017,27,46,Male,Male,8,Kayak,19:43:26,19.72
Senior,2017,37,28,Male,Male,1,Kayak,17:27:37,17.46
Senior,2017,29,21,Male,Male,14,Kayak,20:33:00,20.55
Senior,2017,33,39,Female,Female,108,Canadian,33:21:58,33.37
Senior,2017,39,37,Male,Male,65,Canadian,25:27:15,25.45
Senior,2017,58,53,Male,Male,62,Kayak,25:22:20,25.37
Senior,2017,54,45,Male,Male,47,Kayak,24:05:39,24.09
Senior,2017,49,50,Male,Male,19,Kayak,21:29:15,21.49
Senior,2017,28,28,Male,Male,7,Kayak,19:38:40,19.64
Senior,2017,40,41,Male,Female,87,Canadian,26:59:46,27
Senior,2017,62,61,Male,Male,17,Kayak,21:07:47,21.13
Senior,2017,49,52,Male,Male,53,Kayak,24:14:43,24.25
Senior,2017,49,41,Male,Male,27,Kayak,22:38:44,22.65
Senior,2017,28,28,Male,Male,6,Kayak,19:24:25,19.41
Senior,2017,47,46,Male,Male,43,Kayak,23:57:23,23.96
Senior,2017,45,35,Male,Male,119,Folding Boat,39:15:04,39.25
Senior,2017,24,24,Male,Male,110,Kayak,33:49:17,33.82
Senior,2017,38,58,Male,Male,104,Folding Boat,32:03:21,32.06
Senior,2017,22,51,Male,Male,61,Kayak,25:14:13,25.24
Senior,2017,25,28,Male,Male,115,Folding Boat,37:48:11,37.8
Senior,2017,23,21,Male,Male,85,Kayak,26:46:59,26.78
Senior,2017,28,21,Male,Male,23,Kayak,21:49:46,21.83
Senior,2017,48,31,Male,Male,51,Kayak,24:13:43,24.23
Senior,2017,34,26,Male,Male,93,Folding Boat,27:39:36,27.66
Senior,2017,34,25,Male,Male,101,Folding Boat,29:48:41,29.81
Senior,2017,35,28,Male,Male,112,Folding Boat,35:06:24,35.11
Senior,2017,46,34,Male,Male,116,Folding Boat,38:00:25,38.01
Senior,2017,33,34,Male,Male,21,Canadian,21:36:26,21.61
Senior,2017,22,21,Male,Male,66,Kayak,25:30:32,25.51
Senior,2017,42,41,Male,Male,18,Kayak,21:16:41,21.28
Senior,2017,34,33,Female,Female,36,Kayak,23:29:24,23.49
Senior,2017,50,54,Male,Male,92,Kayak,27:30:54,27.52
Senior,2017,37,37,Male,Male,77,Kayak,26:05:38,26.09
Senior,2017,28,34,Male,Male,28,Kayak,22:41:16,22.69
Senior,2017,25,23,Male,Male,40,Kayak,23:53:07,23.89
Senior,2017,39,42,Male,Male,48,Kayak,24:06:05,24.1
Senior,2017,26,23,Male,Male,80,Kayak,26:32:29,26.54
Senior,2017,22,26,Male,Male,41,Kayak,23:53:56,23.9
Senior,2017,27,31,Male,Male,75,Kayak,25:58:22,25.97
Senior,2017,45,47,Male,Male,105,Folding Boat,32:28:12,32.47
Senior,2017,32,55,Male,Male,111,Kayak,34:07:13,34.12
Senior,2017,28,35,Male,Male,60,Kayak,24:51:49,24.86
Senior,2017,22,24,Male,Male,81,Kayak,26:32:30,26.54
Senior,2017,44,23,Male,Male,99,Folding Boat,29:25:50,29.43
Senior,2017,41,41,Male,Male,102,Kayak,30:06:44,30.11
Senior,2017,23,31,Male,Female,79,Kayak,26:19:25,26.32
Senior,2017,31,30,Male,Male,10,Kayak,20:17:53,20.3
Senior,2017,46,53,Male,Male,95,Kayak,27:51:47,27.86
Senior,2017,36,47,Male,Male,35,Kayak,23:23:28,23.39
Senior,2017,49,47,Male,Female,74,Kayak,25:55:05,25.92
Senior,2017,53,54,Female,Male,70,Kayak,25:41:46,25.7
Senior,2017,55,43,Male,Male,4,Kayak,18:44:52,18.75
Senior,2017,26,19,Male,Male,3,Kayak,18:17:08,18.29
Senior,2017,63,47,Male,Male,83,Canadian,26:40:26,26.67
Senior,2017,26,25,Male,Male,50,Kayak,24:12:09,24.2
Senior,2017,39,31,Male,Male,73,Kayak,25:51:49,25.86
Senior,2017,27,28,Male,Male,67,Kayak,25:34:47,25.58
Senior,2017,20,23,Male,Male,63,Kayak,25:22:30,25.38
Senior,2017,23,28,Male,Male,45,Kayak,24:01:21,24.02
Senior,2017,25,32,Male,Male,22,Kayak,21:37:13,21.62
Senior,2017,31,24,Male,Male,26,Kayak,22:35:28,22.59
Senior,2017,34,40,Male,Male,9,Kayak,20:12:59,20.22
Senior,2017,53,55,Female,Female,117,Kayak,38:13:29,38.22
Senior,2017,53,25,Male,Male,84,Kayak,26:44:11,26.74
Senior,2016,48,33,Male,Male,1,Kayak,17:10:25,17.17
Senior,2016,30,21,Female,Female,2,Kayak,17:59:45,18
Senior,2016,24,26,Male,Female,3,Canadian,18:23:48,18.4
Senior,2016,27,27,Male,Male,4,Kayak,18:51:50,18.86
Senior,2016,27,29,Male,Male,5,Kayak,19:13:02,19.22
Senior,2016,50,55,Male,Male,6,Kayak,19:39:06,19.65
Senior,2016,19,25,Male,Male,7,Kayak,20:23:14,20.39
Senior,2016,49,61,Male,Male,8,Kayak,20:23:16,20.39
Senior,2016,52,27,Male,Male,9,Kayak,20:24:23,20.41
Senior,2016,35,35,Male,Male,10,Kayak,20:28:32,20.48
Senior,2016,20,26,Male,Male,11,Kayak,20:58:02,20.97
Senior,2016,64,57,Male,Male,12,Canadian,21:20:43,21.35
Senior,2016,26,29,Male,Male,13,Kayak,21:23:59,21.4
Senior,2016,34,24,Male,Female,14,Kayak,21:30:40,21.51
Senior,2016,27,20,Male,Male,15,Kayak,21:33:26,21.56
Senior,2016,21,20,Female,Male,16,Kayak,21:34:27,21.57
Senior,2016,59,55,Male,Male,17,Kayak,21:36:20,21.61
Senior,2016,48,49,Male,Male,18,Kayak,21:37:18,21.62
Senior,2016,32,37,Male,Male,19,Kayak,21:59:28,21.99
Senior,2016,27,23,Male,Male,20,Kayak,21:59:58,22
Senior,2016,28,40,Male,Male,21,Kayak,22:08:18,22.14
Senior,2016,26,34,Female,Male,22,Kayak,22:08:25,22.14
Senior,2016,47,47,Male,Male,23,Kayak,22:13:43,22.23
Senior,2016,28,28,Male,Male,24,Kayak,22:16:52,22.28
Senior,2016,29,26,Male,Male,25,Kayak,22:34:02,22.57
Senior,2016,49,23,Male,Male,26,Kayak,22:34:36,22.58
Senior,2016,39,46,Male,Male,27,Kayak,22:43:40,22.73
Senior,2016,53,51,Male,Male,28,Kayak,22:46:54,22.78
Senior,2016,42,40,Male,Male,29,Kayak,22:52:50,22.88
Senior,2016,33,27,Female,Female,30,Kayak,22:58:53,22.98
Senior,2016,34,46,Male,Male,31,Kayak,23:00:01,23
Senior,2016,37,54,Male,Male,32,Kayak,23:08:21,23.14
Senior,2016,48,38,Male,Male,33,Kayak,23:10:05,23.17
Senior,2016,30,28,Male,Male,34,Kayak,23:18:37,23.31
Senior,2016,27,38,Female,Male,35,Kayak,23:19:52,23.33
Senior,2016,41,49,Female,Male,36,Kayak,23:23:00,23.38
Senior,2016,24,23,Male,Male,37,Kayak,23:27:02,23.45
Senior,2016,46,46,Male,Male,38,Kayak,23:29:43,23.5
Senior,2016,48,32,Male,Male,39,Kayak,23:40:27,23.67
Senior,2016,53,34,Male,Male,40,Kayak,23:50:06,23.84
Senior,2016,57,56,Male,Male,41,Canadian,23:53:58,23.9
Senior,2016,50,51,Male,Male,42,Kayak,23:57:03,23.95
Senior,2016,36,48,Male,Male,43,Canadian,24:11:58,24.2
Senior,2016,35,34,Male,Male,44,Kayak,24:15:17,24.25
Senior,2016,29,24,Male,Male,45,Kayak,24:17:21,24.29
Senior,2016,53,44,Male,Male,46,Kayak,24:24:03,24.4
Senior,2016,31,43,Male,Male,47,Kayak,24:25:00,24.42
Senior,2016,60,44,Male,Male,48,Kayak,24:27:31,24.46
Senior,2016,38,33,Male,Male,50,Kayak,24:37:37,24.63
Senior,2016,57,55,Male,Male,51,Kayak,24:41:06,24.69
Senior,2016,31,31,Male,Male,52,Kayak,24:42:40,24.71
Senior,2016,32,35,Male,Male,53,Kayak,24:43:19,24.72
Senior,2016,48,38,Male,Male,54,Kayak,24:44:23,24.74
Senior,2016,30,24,Male,Male,55,Kayak,24:51:49,24.86
Senior,2016,47,40,Male,Female,56,Kayak,24:53:23,24.89
Senior,2016,24,24,Male,Male,57,Kayak,24:56:53,24.95
Senior,2016,46,63,Female,Male,58,Kayak,25:09:16,25.15
Senior,2016,29,21,Male,Male,59,Kayak,25:19:07,25.32
Senior,2016,38,45,Female,Female,60,Kayak,25:21:45,25.36
Senior,2016,25,34,Male,Male,61,Kayak,25:25:37,25.43
Senior,2016,45,21,Female,Male,62,Canadian,25:26:23,25.44
Senior,2016,56,50,Male,Male,63,Kayak,25:26:55,25.45
Senior,2016,46,46,Male,Male,64,Canadian,25:34:00,25.57
Senior,2016,49,49,Male,Male,65,Kayak,25:35:46,25.6
Senior,2016,62,53,Male,Male,66,Canadian,25:40:18,25.67
Senior,2016,23,21,Female,Female,67,Kayak,25:41:40,25.69
Senior,2016,49,38,Male,Male,68,Kayak,25:47:00,25.78
Senior,2016,26,27,Male,Male,69,Kayak,25:54:01,25.9
Senior,2016,48,25,Male,Male,70,Kayak,25:55:57,25.93
Senior,2016,45,49,Male,Male,71,Kayak,26:13:37,26.23
Senior,2016,29,51,Female,Female,72,Kayak,26:20:12,26.34
Senior,2016,41,47,Male,Male,73,Canadian,26:21:47,26.36
Senior,2016,53,61,Male,Male,74,Canadian,26:23:29,26.39
Senior,2016,44,44,Male,Male,75,Kayak,26:29:44,26.5
Senior,2016,24,31,Male,Male,49,Kayak,24:30:16,24.5
Senior,2016,49,50,Male,Male,76,Canadian,26:50:31,26.84
Senior,2016,52,24,Male,Female,77,Kayak,27:11:24,27.19
Senior,2016,39,40,Male,Male,78,Kayak,27:14:32,27.24
Senior,2016,46,29,Male,Male,79,Kayak,27:14:54,27.25
Senior,2016,57,60,Female,Female,80,Canadian,27:17:14,27.29
Senior,2016,28,28,Male,Male,81,Kayak,27:17:37,27.29
Senior,2016,56,57,Male,Female,82,Canadian,27:24:40,27.41
Senior,2016,62,54,Male,Male,83,Kayak,27:26:43,27.45
Senior,2016,22,53,Male,Male,84,Kayak,27:35:00,27.58
Senior,2016,31,30,Male,Male,85,Kayak,28:41:45,28.7
Senior,2016,25,22,Male,Male,86,Kayak,28:44:53,28.75
Senior,2016,22,23,Male,Male,87,Kayak,28:59:40,28.99
Senior,2016,49,48,Male,Male,95,Canadian,32:16:00,32.27
Senior,2016,27,33,Male,Male,88,Folding Boat,29:48:46,29.81
Senior,2016,32,33,Male,Male,89,Folding Boat,30:08:05,30.13
Senior,2016,60,24,Male,Male,97,Kayak,33:42:15,33.7
Senior,2016,27,32,Male,Male,90,Folding Boat,30:45:55,30.77
Senior,2016,20,38,Male,Male,91,Kayak,31:46:48,31.78
Senior,2016,48,52,Male,Male,92,Kayak,32:01:52,32.03
Senior,2016,40,46,Male,Male,93,Kayak,32:02:59,32.05
Senior,2016,53,49,Male,Male,94,Kayak,32:04:24,32.07
Senior,2016,27,29,Male,Male,96,Folding Boat,32:42:28,32.71
Senior,2016,39,49,Female,Female,98,Kayak,34:06:53,34.11
Senior,2016,54,48,Male,Male,99,Kayak,36:00:59,36.02
Senior,2016,40,37,Male,Male,100,Kayak,36:26:26,36.44
Senior,2016,47,50,Female,Female,101,Kayak,40:45:21,40.76
Senior,2015,26,34,Female,Male,1,Kayak,16:40:31,16.68
Senior,2015,25,35,Male,Male,2,Kayak,18:00:12,18
Senior,2015,20,27,Female,Male,3,Kayak,18:00:36,18.01
Senior,2015,30,21,Male,Male,4,Kayak,18:16:46,18.28
Senior,2015,37,39,Male,Male,5,Kayak,18:34:35,18.58
Senior,2015,37,37,Male,Male,6,Kayak,19:02:52,19.05
Senior,2015,26,24,Female,Male,7,Kayak,19:28:05,19.47
Senior,2015,33,36,Female,Female,8,Kayak,19:38:35,19.64
Senior,2015,26,28,Male,Female,9,Kayak,19:43:15,19.72
Senior,2015,39,29,Male,Male,10,Kayak,19:46:56,19.78
Senior,2015,19,32,Female,Male,11,Kayak,20:02:04,20.03
Senior,2015,36,33,Male,Male,12,Kayak,20:16:26,20.27
Senior,2015,51,26,Male,Male,13,Kayak,20:22:20,20.37
Senior,2015,38,26,Male,Male,14,Kayak,20:32:29,20.54
Senior,2015,30,27,Male,Male,15,Kayak,20:44:54,20.75
Senior,2015,44,30,Male,Male,16,Kayak,20:49:59,20.83
Senior,2015,48,60,Male,Male,17,Kayak,20:56:37,20.94
Senior,2015,33,45,Male,Male,18,Kayak,21:07:02,21.12
Senior,2015,48,39,Male,Male,19,Kayak,21:15:25,21.26
Senior,2015,68,50,Male,Male,20,Kayak,21:21:03,21.35
Senior,2015,36,37,Male,Male,21,Kayak,21:24:06,21.4
Senior,2015,45,40,Male,Female,22,Kayak,21:36:57,21.62
Senior,2015,25,20,Male,Male,23,Kayak,21:43:19,21.72
Senior,2015,52,47,Male,Male,24,Kayak,21:49:04,21.82
Senior,2015,47,48,Male,Male,25,Kayak,21:49:41,21.83
Senior,2015,39,33,Male,Male,26,Kayak,21:58:30,21.98
Senior,2015,50,49,Female,Male,27,Kayak,22:01:32,22.03
Senior,2015,47,45,Male,Male,28,Kayak,22:01:55,22.03
Senior,2015,53,54,Male,Male,29,Canadian,22:06:31,22.11
Senior,2015,30,33,Male,Male,30,Kayak,22:06:34,22.11
Senior,2015,32,33,Female,Male,31,Kayak,22:20:29,22.34
Senior,2015,25,37,Male,Male,32,Kayak,22:26:22,22.44
Senior,2015,36,48,Male,Male,33,Kayak,22:27:36,22.46
Senior,2015,27,29,Male,Male,34,Kayak,22:39:07,22.65
Senior,2015,26,40,Male,Male,35,Canadian,23:00:36,23.01
Senior,2015,26,24,Male,Male,36,Kayak,23:03:07,23.05
Senior,2015,55,51,Male,Male,37,Kayak,23:03:21,23.06
Senior,2015,19,29,Male,Male,38,Kayak,23:05:48,23.1
Senior,2015,54,21,Male,Male,39,Kayak,23:12:50,23.21
Senior,2015,51,24,Male,Male,40,Kayak,23:17:08,23.29
Senior,2015,57,49,Male,Male,41,Kayak,23:17:24,23.29
Senior,2015,20,41,Male,Male,42,Kayak,23:17:49,23.3
Senior,2015,59,55,Male,Male,43,Kayak,23:19:22,23.32
Senior,2015,37,26,Male,Male,44,Kayak,23:23:23,23.39
Senior,2015,28,43,Male,Male,44,Kayak,23:23:23,23.39
Senior,2015,40,47,Male,Male,46,Kayak,23:27:02,23.45
Senior,2015,19,19,Male,Male,47,Kayak,23:32:41,23.54
Senior,2015,48,46,Male,Female,48,Kayak,23:33:22,23.56
Senior,2015,52,44,Male,Male,49,Kayak,23:35:27,23.59
Senior,2015,47,48,Male,Female,50,Kayak,23:36:28,23.61
Senior,2015,41,35,Male,Male,51,Kayak,23:39:11,23.65
Senior,2015,32,29,Male,Male,52,Kayak,23:47:49,23.8
Senior,2015,59,35,Male,Male,53,Canadian,23:50:15,23.84
Senior,2015,24,22,Male,Male,54,Kayak,23:52:34,23.88
Senior,2015,22,26,Male,Male,55,Kayak,23:53:17,23.89
Senior,2015,21,25,Male,Male,56,Kayak,23:55:53,23.93
Senior,2015,48,49,Male,Male,57,Kayak,24:17:54,24.3
Senior,2015,48,32,Male,Female,58,Kayak,24:20:54,24.35
Senior,2015,47,34,Male,Male,59,Kayak,24:21:50,24.36
Senior,2015,50,18,Male,Male,60,Kayak,24:23:20,24.39
Senior,2015,49,73,Male,Male,61,Kayak,24:32:13,24.54
Senior,2015,37,27,Male,Female,62,Kayak,24:36:01,24.6
Senior,2015,49,52,Female,Female,63,Kayak,24:41:16,24.69
Senior,2015,39,24,Male,Male,64,Kayak,24:47:27,24.79
Senior,2015,22,20,Male,Male,65,Kayak,24:48:33,24.81
Senior,2015,55,56,Male,Female,66,Kayak,24:50:17,24.84
Senior,2015,45,24,Male,Male,67,Kayak,24:53:18,24.89
Senior,2015,55,47,Male,Male,68,Kayak,24:58:53,24.98
Senior,2015,46,48,Male,Male,69,Kayak,25:03:31,25.06
Senior,2015,26,40,Male,Male,70,Kayak,25:09:16,25.15
Senior,2015,34,26,Male,Male,71,Kayak,25:10:45,25.18
Senior,2015,42,44,Male,Male,72,Kayak,25:11:47,25.2
Senior,2015,27,27,Male,Male,73,Kayak,25:11:52,25.2
Senior,2015,53,47,Male,Male,74,Kayak,25:21:55,25.37
Senior,2015,26,26,Male,Male,75,Kayak,25:23:57,25.4
Senior,2015,53,36,Male,Male,76,Kayak,25:25:21,25.42
Senior,2015,48,44,Male,Female,77,Kayak,25:27:15,25.45
Senior,2015,50,54,Male,Male,78,Kayak,25:30:35,25.51
Senior,2015,47,47,Male,Male,79,Kayak,25:36:33,25.61
Senior,2015,21,24,Male,Male,80,Kayak,25:36:57,25.62
Senior,2015,47,45,Male,Male,81,Kayak,25:58:17,25.97
Senior,2015,45,45,Male,Male,82,Kayak,26:00:32,26.01
Senior,2015,28,26,Male,Male,83,Kayak,26:00:51,26.01
Senior,2015,45,58,Male,Male,84,Kayak,26:03:12,26.05
Senior,2015,21,26,Male,Male,85,Kayak,26:07:52,26.13
Senior,2015,28,26,Male,Male,86,Kayak,26:12:15,26.2
Senior,2015,56,48,Female,Female,87,Canadian,26:27:13,26.45
Senior,2015,34,32,Male,Male,88,Kayak,26:32:56,26.55
Senior,2015,34,30,Male,Male,89,Kayak,26:45:51,26.76
Senior,2015,45,44,Female,Female,90,Kayak,26:47:48,26.8
Senior,2015,28,44,Male,Male,91,Kayak,26:54:23,26.91
Senior,2015,28,34,Male,Male,92,Kayak,26:57:27,26.96
Senior,2015,25,30,Male,Male,93,Kayak,27:18:24,27.31
Senior,2015,25,26,Male,Male,94,Kayak,27:19:53,27.33
Senior,2015,40,27,Male,Male,95,Kayak,27:32:04,27.53
Senior,2015,57,22,Male,Male,96,Kayak,27:33:52,27.56
Senior,2015,39,38,Male,Male,97,Kayak,27:53:55,27.9
Senior,2015,33,26,Male,Male,98,Kayak,27:54:02,27.9
Senior,2015,48,25,Male,Male,99,Kayak,27:58:02,27.97
Senior,2015,52,45,Male,Male,100,Canadian,28:14:22,28.24
Senior,2015,45,43,Male,Male,101,Folding Boat,28:56:58,28.95
Senior,2015,67,59,Male,Male,102,Canadian,29:47:33,29.79
Senior,2015,33,37,Female,Female,103,Canadian,30:11:46,30.2
Senior,2015,29,31,Male,Male,104,Kayak,30:30:40,30.51
Senior,2015,56,38,Female,Female,105,Kayak,31:23:31,31.39
Senior,2015,19,49,Male,Male,106,Kayak,31:25:03,31.42
Senior,2015,33,34,Male,Male,107,Kayak,31:38:48,31.65
Senior,2015,33,33,Male,Male,108,Kayak,32:34:13,32.57
Senior,2015,25,46,Male,Male,109,Canadian,32:45:08,32.75
Senior,2015,50,51,Male,Male,110,Folding Boat,32:54:24,32.91
Senior,2015,39,41,Male,Male,111,Kayak,34:53:09,34.89
Senior,2015,24,29,Male,Male,112,Kayak,35:22:06,35.37
Senior,2015,25,32,Male,Male,113,Kayak,35:28:03,35.47
Senior,2015,26,34,Male,Male,114,Folding Boat,36:14:43,36.25
Senior,2015,41,50,Male,Male,115,Kayak,36:40:00,36.67
Senior,2015,37,43,Male,Male,116,Canadian,36:40:40,36.68
Senior,2015,30,31,Male,Male,117,Kayak,36:40:58,36.68
Senior,2015,45,55,Male,Male,118,Folding Boat,38:05:50,38.1
Senior,2014,,,,,,Kayak,24:27:00,24.45
Senior,2014,23,20,Male,Male,1,Kayak,17:23:35,17.39
Senior,2014,39,43,Male,Male,2,Kayak,17:55:59,17.93
Senior,2014,40,38,Male,Male,3,Kayak,18:15:48,18.26
Senior,2014,63,34,Male,Female,4,Kayak,18:24:53,18.41
Senior,2014,57,42,Male,Male,5,Kayak,19:43:21,19.72
Senior,2014,33,20,Male,Male,6,Canadian,19:46:41,19.78
Senior,2014,29,36,Female,Male,7,Kayak,19:48:35,19.81
Senior,2014,24,43,Male,Male,8,Kayak,19:55:15,19.92
Senior,2014,53,48,Male,Male,9,Canadian,20:20:33,20.34
Senior,2014,48,53,Male,Male,10,Kayak,20:21:06,20.35
Senior,2014,27,59,Female,Male,11,Kayak,20:21:24,20.36
Senior,2014,50,44,Male,Male,12,Kayak,20:31:22,20.52
Senior,2014,41,42,Male,Male,13,Kayak,20:37:33,20.63
Senior,2014,37,38,Male,Male,14,Kayak,20:45:25,20.76
Senior,2014,44,44,Male,Male,15,Kayak,21:01:28,21.02
Senior,2014,48,48,Male,Male,16,Kayak,21:08:07,21.14
Senior,2014,51,26,Female,Female,17,Kayak,21:09:53,21.16
Senior,2014,44,44,Male,Male,18,Kayak,21:11:45,21.2
Senior,2014,27,24,Male,Male,19,Kayak,21:28:43,21.48
Senior,2014,20,25,Male,Female,20,Kayak,21:39:01,21.65
Senior,2014,44,44,Male,Male,21,Kayak,21:42:05,21.7
Senior,2014,18,20,Male,Male,22,Kayak,21:44:28,21.74
Senior,2014,51,46,Male,Male,23,Kayak,21:47:03,21.78
Senior,2014,19,23,Male,Male,24,Kayak,21:49:34,21.83
Senior,2014,46,47,Male,Male,25,Kayak,22:02:58,22.05
Senior,2014,49,50,Male,Male,26,Kayak,22:04:36,22.08
Senior,2014,33,29,Male,Male,27,Kayak,22:09:59,22.17
Senior,2014,53,24,Male,Male,28,Kayak,22:11:52,22.2
Senior,2014,31,29,Male,Male,29,Kayak,22:12:06,22.2
Senior,2014,45,45,Male,Male,30,Kayak,22:13:19,22.22
Senior,2014,56,36,Male,Male,31,Kayak,22:16:32,22.28
Senior,2014,46,33,Male,Male,32,Kayak,22:22:08,22.37
Senior,2014,32,24,Male,Male,33,Kayak,22:35:34,22.59
Senior,2014,62,55,Male,Male,34,Canadian,22:39:33,22.66
Senior,2014,31,27,Male,Female,35,Kayak,22:42:22,22.71
Senior,2014,44,44,Male,Male,36,Kayak,22:46:05,22.77
Senior,2014,22,23,Male,Male,37,Kayak,22:55:24,22.92
Senior,2014,31,32,Female,Male,38,Kayak,23:00:12,23
Senior,2014,41,38,Male,Male,39,Kayak,23:12:52,23.21
Senior,2014,41,47,Male,Male,40,Kayak,23:20:19,23.34
Senior,2014,25,24,Male,Male,41,Kayak,23:32:56,23.55
Senior,2014,37,53,Male,Male,42,Kayak,23:36:03,23.6
Senior,2014,40,51,Male,Male,43,Canadian,23:41:47,23.7
Senior,2014,31,31,Male,Male,44,Kayak,23:45:46,23.76
Senior,2014,23,22,Female,Male,45,Kayak,23:47:48,23.8
Senior,2014,44,43,Male,Male,46,Kayak,23:49:26,23.82
Senior,2014,30,22,Male,Male,47,Kayak,23:54:26,23.91
Senior,2014,53,49,Male,Female,48,Kayak,24:02:48,24.05
Senior,2014,35,52,Male,Male,49,Kayak,24:03:04,24.05
Senior,2014,41,40,Male,Male,50,Kayak,24:19:30,24.33
Senior,2014,30,32,Male,Male,51,Kayak,24:21:56,24.37
Senior,2014,36,32,Male,Female,52,Kayak,24:22:00,24.37
Senior,2014,56,19,Male,Female,53,Kayak,24:22:27,24.37
Senior,2014,59,56,Male,Male,54,Canadian,24:27:40,24.46
Senior,2014,33,29,Male,Male,55,Kayak,24:29:50,24.5
Senior,2014,48,55,Male,Male,56,Kayak,24:32:00,24.53
Senior,2014,39,58,Male,Male,57,Kayak,24:32:50,24.55
Senior,2014,46,22,Male,Female,58,Kayak,24:32:52,24.55
Senior,2014,35,58,Male,Male,59,Canadian,24:33:10,24.55
Senior,2014,48,55,Female,Female,60,Kayak,24:35:55,24.6
Senior,2014,39,39,Male,Male,61,Kayak,24:37:59,24.63
Senior,2014,25,53,Male,Male,62,Kayak,24:38:52,24.65
Senior,2014,31,30,Male,Male,63,Kayak,24:52:36,24.88
Senior,2014,45,28,Male,Male,64,Kayak,24:59:18,24.99
Senior,2014,36,29,Male,Male,65,Kayak,25:05:31,25.09
Senior,2014,20,29,Male,Male,66,Kayak,25:13:00,25.22
Senior,2014,32,33,Male,Male,67,Kayak,25:13:19,25.22
Senior,2014,30,26,Male,Male,68,Kayak,25:13:25,25.22
Senior,2014,26,27,Male,Male,69,Kayak,25:17:08,25.29
Senior,2014,49,51,Male,Male,70,Kayak,25:25:56,25.43
Senior,2014,31,23,Male,Male,71,Kayak,25:26:32,25.44
Senior,2014,48,46,Male,Female,72,Canadian,25:33:09,25.55
Senior,2014,41,31,Male,Male,73,Kayak,25:33:30,25.56
Senior,2014,49,45,Male,Female,74,Canadian,25:33:42,25.56
Senior,2014,35,31,Male,Male,75,Kayak,25:36:20,25.61
Senior,2014,53,45,Male,Male,76,Kayak,25:36:26,25.61
Senior,2014,54,43,Male,Female,77,Kayak,25:45:23,25.76
Senior,2014,55,54,Male,Male,78,Canadian,25:45:49,25.76
Senior,2014,38,41,Male,Male,79,Kayak,25:46:19,25.77
Senior,2014,41,51,Male,Male,80,Canadian,25:49:10,25.82
Senior,2014,26,34,Male,Male,81,Kayak,25:55:32,25.93
Senior,2014,49,48,Female,Male,82,Kayak,25:56:51,25.95
Senior,2014,44,51,Male,Male,83,Kayak,26:05:54,26.1
Senior,2014,47,43,Male,Male,84,Kayak,26:06:23,26.11
Senior,2014,32,38,Male,Male,85,Kayak,26:10:23,26.17
Senior,2014,32,51,Male,Male,86,Kayak,26:22:31,26.38
Senior,2014,21,23,Female,Female,87,Kayak,26:22:55,26.38
Senior,2014,34,40,Male,Female,88,Kayak,26:28:18,26.47
Senior,2014,43,45,Male,Male,89,Canadian,26:28:57,26.48
Senior,2014,32,34,Male,Male,90,Kayak,26:37:48,26.63
Senior,2014,45,53,Male,Male,91,Canadian,26:38:13,26.64
Senior,2014,48,52,Male,Male,92,Kayak,26:46:26,26.77
Senior,2014,48,46,Male,Male,93,Canadian,27:04:09,27.07
Senior,2014,34,33,Male,Male,94,Kayak,27:08:29,27.14
Senior,2014,42,42,Male,Male,95,Kayak,27:10:43,27.18
Senior,2014,55,50,Male,Male,96,Kayak,27:15:34,27.26
Senior,2014,49,48,Male,Female,97,Canadian,27:17:52,27.3
Senior,2014,32,29,Male,Male,98,Kayak,27:18:11,27.3
Senior,2014,26,23,Male,Male,99,Kayak,27:19:44,27.33
Senior,2014,38,42,Male,Male,100,Kayak,27:20:04,27.33
Senior,2014,23,24,Male,Male,101,Kayak,27:28:52,27.48
Senior,2014,35,35,Female,Female,102,Kayak,27:38:53,27.65
Senior,2014,46,36,Male,Male,103,Kayak,27:48:48,27.81
Senior,2014,26,28,Male,Male,104,Kayak,27:49:26,27.82
Senior,2014,51,30,Male,Male,105,Canadian,27:50:02,27.83
Senior,2014,33,42,Male,Male,106,Kayak,28:04:27,28.07
Senior,2014,38,34,Male,Male,107,Kayak,28:13:40,28.23
Senior,2014,36,54,Male,Male,108,Kayak,28:16:25,28.27
Senior,2014,53,36,Male,Male,109,Canadian,28:16:54,28.28
Senior,2014,43,31,Male,Male,110,Folding Boat,28:22:25,28.37
Senior,2014,35,34,Male,Male,111,Kayak,28:23:59,28.4
Senior,2014,48,44,Male,Male,112,Kayak,28:36:47,28.61
Senior,2014,28,24,Male,Male,114,Kayak,29:16:45,29.28
Senior,2014,36,33,Male,Male,115,Kayak,29:23:16,29.39
Senior,2014,25,23,Male,Male,116,Folding Boat,29:31:34,29.53
Senior,2014,21,30,Male,Male,117,Kayak,29:32:19,29.54
Senior,2014,20,20,Male,Male,118,Kayak,29:32:44,29.55
Senior,2014,34,25,Male,Male,119,Kayak,29:32:51,29.55
Senior,2014,31,30,Male,Male,120,Kayak,30:07:04,30.12
Senior,2014,53,35,Female,Female,121,Kayak,30:27:13,30.45
Senior,2014,26,31,Male,Male,122,Kayak,30:39:28,30.66
Senior,2014,35,31,Male,Female,123,Canadian,30:42:19,30.71
Senior,2014,41,55,Male,Male,124,Kayak,31:37:55,31.63
Senior,2014,37,47,Female,Female,125,Kayak,34:21:32,34.36
Senior,2014,31,65,Male,Male,126,Canadian,35:12:01,35.2
Senior,2014,36,34,Male,Male,127,Kayak,35:18:30,35.31
Senior,2014,23,30,Male,Male,128,Kayak,36:35:09,36.59
Senior,2014,28,28,Male,Male,129,Kayak,36:41:37,36.69
Senior,2014,27,37,Male,Male,130,Folding Boat,37:46:19,37.77
Senior,2014,34,34,Male,Male,131,Kayak,38:08:58,38.15
Senior,2014,62,42,Male,Male,132,Kayak,38:11:33,38.19
Senior,2014,50,45,Male,Male,133,Kayak,38:34:09,38.57
Senior,2014,44,43,Female,Female,134,Kayak,38:41:34,38.69
Senior,2014,20,20,Male,Male,135,Kayak,38:49:38,38.83
Senior,2014,19,19,Male,Female,136,Kayak,38:56:46,38.95
Senior,2014,34,26,Male,Male,137,Kayak,39:01:25,39.02
Senior,2014,48,44,Male,Male,113,Kayak,29:12:45,29.21
Senior,2013,33,42,Male,Male,1,Kayak,16:44:23,16.74
Senior,2013,32,33,Male,Male,2,Kayak,17:15:05,17.25
Senior,2013,36,32,Male,Male,3,Kayak,17:28:11,17.47
Senior,2013,31,45,Male,Male,4,Kayak,17:59:29,17.99
Senior,2013,41,24,Male,Female,5,Kayak,18:46:40,18.78
Senior,2013,26,27,Female,Female,6,Kayak,19:07:18,19.12
Senior,2013,34,48,Female,Male,7,Canadian,19:11:58,19.2
Senior,2013,22,21,Male,Male,8,Kayak,19:41:03,19.68
Senior,2013,35,43,Male,Male,9,Kayak,20:36:25,20.61
Senior,2013,30,19,Male,Male,10,Kayak,20:49:04,20.82
Senior,2013,29,37,Male,Male,11,Kayak,20:49:08,20.82
Senior,2013,32,32,Male,Male,12,Kayak,20:51:05,20.85
Senior,2013,27,30,Male,Male,13,Kayak,20:51:30,20.86
Senior,2013,37,23,Male,Male,14,Kayak,20:52:42,20.88
Senior,2013,49,58,Male,Male,15,Kayak,21:26:33,21.44
Senior,2013,38,34,Male,Male,16,Kayak,21:37:20,21.62
Senior,2013,30,48,Male,Male,17,Kayak,21:40:02,21.67
Senior,2013,24,32,Female,Male,18,Kayak,21:46:34,21.78
Senior,2013,51,52,Male,Male,19,Canadian,21:51:13,21.85
Senior,2013,53,50,Male,Female,20,Kayak,21:51:37,21.86
Senior,2013,36,36,Male,Male,21,Kayak,22:05:19,22.09
Senior,2013,40,54,Female,Female,22,Kayak,22:19:23,22.32
Senior,2013,20,20,Male,Male,23,Kayak,22:27:08,22.45
Senior,2013,35,38,Male,Male,24,Canadian,22:31:14,22.52
Senior,2013,33,37,Male,Male,25,Kayak,22:37:16,22.62
Senior,2013,42,31,Male,Female,26,Kayak,22:39:57,22.67
Senior,2013,42,24,Male,Male,27,Kayak,22:42:26,22.71
Senior,2013,49,30,Male,Male,28,Kayak,22:43:37,22.73
Senior,2013,20,21,Male,Male,29,Kayak,22:45:26,22.76
Senior,2013,48,36,Male,Male,30,Kayak,22:46:55,22.78
Senior,2013,44,48,Male,Male,31,Kayak,22:54:21,22.91
Senior,2013,23,18,Male,Male,32,Kayak,22:54:37,22.91
Senior,2013,28,32,Male,Male,33,Kayak,22:59:20,22.99
Senior,2013,45,46,Male,Male,34,Kayak,23:04:18,23.07
Senior,2013,46,44,Male,Male,35,Kayak,23:10:03,23.17
Senior,2013,23,29,Male,Male,36,Kayak,23:24:23,23.41
Senior,2013,53,54,Male,Male,37,Kayak,23:27:42,23.46
Senior,2013,45,46,Male,Male,38,Canadian,23:31:25,23.52
Senior,2013,32,36,Male,Male,39,Kayak,23:47:20,23.79
Senior,2013,30,30,Male,Male,40,Kayak,23:54:33,23.91
Senior,2013,34,34,Male,Male,41,Kayak,24:11:08,24.19
Senior,2013,31,32,Male,Male,42,Kayak,24:27:45,24.46
Senior,2013,48,46,Female,Female,43,Kayak,24:33:12,24.55
Senior,2013,52,46,Male,Male,44,Kayak,24:33:38,24.56
Senior,2013,34,36,Male,Male,45,Kayak,24:33:59,24.57
Senior,2013,49,47,Male,Male,46,Kayak,24:35:29,24.59
Senior,2013,31,31,Male,Male,47,Kayak,24:45:02,24.75
Senior,2013,38,29,Male,Male,48,Kayak,24:50:19,24.84
Senior,2013,39,47,Male,Male,49,Kayak,24:51:27,24.86
Senior,2013,43,43,Male,Male,50,Kayak,24:55:20,24.92
Senior,2013,46,43,Male,Male,51,Kayak,24:58:50,24.98
Senior,2013,50,47,Male,Male,52,Kayak,25:00:29,25.01
Senior,2013,51,62,Male,Male,53,Kayak,25:10:31,25.18
Senior,2013,41,38,Male,Male,54,Folding Boat,25:11:21,25.19
Senior,2013,46,54,Male,Male,55,Kayak,25:16:02,25.27
Senior,2013,45,35,Male,Male,56,Kayak,25:17:11,25.29
Senior,2013,43,45,Male,Male,57,Kayak,25:18:38,25.31
Senior,2013,36,49,Male,Male,58,Kayak,25:22:24,25.37
Senior,2013,40,30,Male,Male,59,Kayak,25:29:12,25.49
Senior,2013,29,29,Male,Male,60,Canadian,25:35:47,25.6
Senior,2013,22,21,Male,Male,61,Kayak,25:47:02,25.78
Senior,2013,26,25,Male,Male,62,Kayak,25:48:12,25.8
Senior,2013,50,55,Male,Male,63,Kayak,25:55:19,25.92
Senior,2013,37,48,Female,Female,64,Kayak,26:04:10,26.07
Senior,2013,42,36,Male,Male,65,Folding Boat,26:08:59,26.15
Senior,2013,28,41,Male,Male,66,Kayak,26:12:08,26.2
Senior,2013,20,21,Male,Male,67,Kayak,26:27:34,26.46
Senior,2013,49,71,Male,Male,68,Kayak,26:28:25,26.47
Senior,2013,23,39,Female,Male,69,Kayak,26:30:38,26.51
Senior,2013,26,26,Male,Male,70,Kayak,26:32:31,26.54
Senior,2013,40,47,Male,Male,71,Kayak,26:34:28,26.57
Senior,2013,19,26,Male,Male,72,Kayak,26:37:22,26.62
Senior,2013,48,49,Male,Female,73,Kayak,26:39:54,26.67
Senior,2013,38,57,Male,Male,74,Kayak,26:40:54,26.68
Senior,2013,43,43,Male,Male,75,Kayak,26:41:39,26.69
Senior,2013,29,32,Male,Male,76,Kayak,26:44:14,26.74
Senior,2013,31,31,Male,Male,77,Kayak,26:54:55,26.92
Senior,2013,26,25,Male,Male,78,Kayak,27:03:08,27.05
Senior,2013,23,23,Female,Female,79,Kayak,27:04:01,27.07
Senior,2013,57,57,Male,Male,80,Kayak,27:04:31,27.08
Senior,2013,32,28,Male,Male,81,Kayak,27:05:58,27.1
Senior,2013,40,50,Male,Male,82,Canadian,27:08:56,27.15
Senior,2013,22,22,Female,Male,83,Kayak,27:13:03,27.22
Senior,2013,29,26,Male,Male,84,Kayak,27:30:13,27.5
Senior,2013,44,45,Male,Male,85,Canadian,27:45:25,27.76
Senior,2013,48,54,Male,Male,86,Kayak,28:01:45,28.03
Senior,2013,36,38,Female,Male,87,Kayak,28:04:21,28.07
Senior,2013,19,21,Male,Female,88,Kayak,28:32:07,28.54
Senior,2013,35,34,Male,Male,89,Kayak,28:39:18,28.66
Senior,2013,40,24,Male,Male,90,Kayak,28:40:14,28.67
Senior,2013,30,39,Male,Male,91,Kayak,29:38:37,29.64
Senior,2013,33,29,Male,Male,92,Kayak,30:07:51,30.13
Senior,2013,49,43,Female,Female,93,Canadian,31:20:11,31.34
Senior,2013,45,49,Male,Male,94,Kayak,32:54:15,32.9
Senior,2013,23,27,Male,Male,95,Kayak,36:35:34,36.59
Senior,2013,31,31,Male,Male,96,Kayak,36:42:12,36.7
Senior,2013,35,31,Male,Male,97,Kayak,36:51:10,36.85
Senior,2013,48,41,Male,Male,98,Kayak,36:58:37,36.98
Senior,2013,59,61,Male,Male,99,Kayak,37:28:20,37.47
Senior,2013,46,46,Male,Male,100,Kayak,38:04:33,38.08
Singles,2023,43,,Male,,2,Kayak,08:17:25,8.29
Singles,2023,59,,Female,,9,Kayak,12:58:37,12.98
Singles,2023,24,,Male,,6,Kayak,11:03:00,11.05
Singles,2023,36,,Female,,4,Kayak,08:37:18,8.62
Singles,2023,25,,Male,,7,Kayak,11:04:50,11.08
Singles,2023,44,,Male,,3,Kayak,08:20:16,8.34
Singles,2023,25,,Male,,5,Kayak,09:33:24,9.56
Singles,2023,22,,Male,,8,Kayak,12:17:56,12.3
Singles,2023,21,,Male,,1,Kayak,08:03:30,8.06
Singles,2022,38,,Male,,1,Kayak,15:20:15,15.34
Singles,2022,32,,Male,,2,Kayak,15:26:39,15.44
Singles,2022,31,,Male,,3,Kayak,16:13:15,16.22
Singles,2022,51,,Male,,4,Kayak,16:34:19,16.57
Singles,2022,22,,Male,,5,Kayak,16:36:24,16.61
Singles,2022,43,,Male,,6,Kayak,16:44:49,16.75
Singles,2022,52,,Male,,7,Kayak,17:26:08,17.44
Singles,2022,58,,Male,,8,Kayak,18:05:19,18.09
Singles,2022,21,,Male,,9,Kayak,18:26:38,18.44
Singles,2022,45,,Male,,10,Kayak,18:54:55,18.92
Singles,2022,55,,Male,,11,Kayak,19:29:20,19.49
Singles,2022,25,,Female,,12,Kayak,19:35:25,19.59
Singles,2022,37,,Male,,13,Kayak,19:44:45,19.75
Singles,2022,45,,Male,,14,Kayak,19:50:24,19.84
Singles,2022,43,,Female,,15,Kayak,19:57:42,19.96
Singles,2022,66,,Male,,16,Kayak,20:07:20,20.12
Singles,2022,46,,Male,,17,Kayak,20:29:18,20.49
Singles,2022,56,,Male,,18,Kayak,20:29:57,20.5
Singles,2022,47,,Male,,19,Canadian,20:31:05,20.52
Singles,2022,20,,Female,,20,Kayak,20:37:09,20.62
Singles,2022,57,,Male,,21,Kayak,20:39:34,20.66
Singles,2022,63,,Male,,22,Kayak,21:06:41,21.11
Singles,2022,62,,Male,,23,Canadian,21:27:05,21.45
Singles,2022,40,,Male,,24,Kayak,21:40:31,21.68
Singles,2022,51,,Male,,25,Canadian,22:12:28,22.21
Singles,2022,58,,Female,,26,Kayak,22:14:28,22.24
Singles,2022,55,,Female,,27,Canadian,22:30:45,22.51
Singles,2022,63,,Female,,28,Canadian,23:17:33,23.29
Singles,2022,49,,Female,,29,Kayak,23:25:19,23.42
Singles,2022,53,,Male,,30,Kayak,23:33:10,23.55
Singles,2022,55,,Male,,31,Kayak,23:33:19,23.56
Singles,2022,58,,Male,,32,Canadian,23:38:43,23.65
Singles,2022,54,,Male,,33,Canadian,23:55:41,23.93
Singles,2022,46,,Female,,34,Canadian,23:57:41,23.96
Singles,2022,31,,Male,,35,Canadian,25:14:06,25.24
Singles,2022,52,,Male,,36,Kayak,25:36:31,25.61
Singles,2022,64,,Male,,37,Kayak,25:36:42,25.61
Singles,2019,29,,Male,,1,Kayak,16:46:21,16.77
Singles,2019,51,,Male,,2,Kayak,17:02:21,17.04
Singles,2019,24,,Male,,3,Kayak,17:17:35,17.29
Singles,2019,25,,Male,,4,Kayak,17:25:52,17.43
Singles,2019,29,,Male,,5,Kayak,17:45:36,17.76
Singles,2019,19,,Male,,6,Kayak,19:15:54,19.27
Singles,2019,35,,Female,,7,Kayak,19:26:35,19.44
Singles,2019,24,,Male,,8,Kayak,19:26:43,19.45
Singles,2019,26,,Female,,9,Kayak,19:36:04,19.6
Singles,2019,52,,Male,,10,Kayak,20:01:15,20.02
Singles,2019,19,,Female,,11,Kayak,20:10:35,20.18
Singles,2019,51,,Male,,12,Kayak,20:15:38,20.26
Singles,2019,29,,Female,,13,Kayak,20:16:33,20.28
Singles,2019,37,,Male,,14,Kayak,20:31:10,20.52
Singles,2019,48,,Male,,15,Kayak,20:45:56,20.77
Singles,2019,48,,Male,,16,Kayak,20:51:34,20.86
Singles,2019,38,,Female,,17,Kayak,21:18:16,21.3
Singles,2019,61,,Male,,18,Kayak,21:20:15,21.34
Singles,2019,27,,Female,,19,Kayak,21:23:51,21.4
Singles,2019,20,,Male,,20,Kayak,21:35:18,21.59
Singles,2019,56,,Male,,21,Kayak,22:04:33,22.08
Singles,2019,59,,Male,,22,Kayak,22:09:10,22.15
Singles,2019,55,,Male,,23,Kayak,22:24:00,22.4
Singles,2019,58,,Male,,24,Kayak,22:25:23,22.42
Singles,2019,28,,Male,,25,Kayak,22:51:06,22.85
Singles,2019,18,,Female,,26,Kayak,22:52:38,22.88
Singles,2019,51,,Female,,27,Kayak,23:23:25,23.39
Singles,2019,52,,Male,,28,Kayak,23:38:08,23.64
Singles,2019,27,,Male,,29,Kayak,23:55:14,23.92
Singles,2019,48,,Male,,30,Kayak,23:59:45,24
Singles,2019,47,,Male,,31,Kayak,24:08:39,24.14
Singles,2019,52,,Male,,32,Kayak,24:27:01,24.45
Singles,2019,41,,Male,,33,Kayak,24:37:31,24.63
Singles,2019,49,,Male,,34,Kayak,24:37:59,24.63
Singles,2019,50,,Male,,35,Kayak,25:24:32,25.41
Singles,2019,34,,Female,,36,Kayak,26:46:14,26.77
Singles,2019,19,,Male,,37,Kayak,27:08:53,27.15
Singles,2019,61,,Male,,38,Kayak,27:13:37,27.23
Singles,2019,18,,Female,,39,Kayak,27:20:51,27.35
Singles,2019,50,,Female,,40,Kayak,27:32:25,27.54
Singles,2019,49,,Female,,41,Kayak,27:32:37,27.54
Singles,2019,26,,Female,,42,Kayak,29:31:35,29.53
Singles,2017,28,,Female,,20,Kayak,19:33:15,19.55
Singles,2017,19,,Male,,16,Kayak,18:39:10,18.65
Singles,2017,49,,Male,,11,Kayak,17:57:37,17.96
Singles,2017,19,,Male,,29,Kayak,20:35:06,20.59
Singles,2017,40,,Male,,54,Kayak,23:41:01,23.68
Singles,2017,52,,Male,,74,Kayak,29:53:57,29.9
Singles,2017,59,,Male,,28,Kayak,20:24:48,20.41
Singles,2017,48,,Male,,69,Kayak,27:16:11,27.27
Singles,2017,47,,Male,,52,Kayak,23:35:58,23.6
Singles,2017,26,,Male,,9,Kayak,17:15:59,17.27
Singles,2017,47,,Male,,44,Kayak,22:23:45,22.4
Singles,2017,45,,Male,,75,Kayak,32:23:17,32.39
Singles,2017,51,,Male,,49,Kayak,22:55:48,22.93
Singles,2017,44,,Male,,12,Kayak,18:04:58,18.08
Singles,2017,60,,Male,,70,Kayak,27:19:20,27.32
Singles,2017,27,,Male,,7,Kayak,16:52:14,16.87
Singles,2017,58,,Male,,61,Kayak,25:24:56,25.42
Singles,2017,49,,Male,,24,Kayak,20:05:34,20.09
Singles,2017,63,,Male,,43,Kayak,22:15:00,22.25
Singles,2017,46,,Male,,51,Kayak,23:15:51,23.26
Singles,2017,20,,Male,,4,Kayak,16:36:28,16.61
Singles,2017,28,,Female,,47,Kayak,22:45:29,22.76
Singles,2017,57,,Male,,59,Kayak,25:22:04,25.37
Singles,2017,35,,Female,,50,Kayak,23:08:35,23.14
Singles,2017,36,,Female,,34,Kayak,21:09:29,21.16
Singles,2017,25,,Female,,25,Kayak,20:15:37,20.26
Singles,2017,57,,Male,,55,Canadian,23:52:59,23.88
Singles,2017,60,,Female,,48,Kayak,22:46:27,22.77
Singles,2017,29,,Male,,10,Kayak,17:45:12,17.75
Singles,2017,33,,Male,,6,Kayak,16:44:09,16.74
Singles,2017,58,,Male,,23,Kayak,20:00:37,20.01
Singles,2017,68,,Male,,62,Canadian,25:36:29,25.61
Singles,2017,50,,Male,,37,Kayak,21:20:39,21.34
Singles,2017,45,,Female,,67,Kayak,26:56:21,26.94
Singles,2017,51,,Female,,33,Kayak,21:08:15,21.14
Singles,2017,29,,Male,,2,Kayak,16:20:08,16.34
Singles,2017,55,,Male,,60,Kayak,25:22:29,25.37
Singles,2017,36,,Male,,26,Kayak,20:20:54,20.35
Singles,2017,19,,Male,,18,Canadian,19:15:00,19.25
Singles,2017,19,,Male,,8,Kayak,17:00:17,17
Singles,2017,18,,Female,,38,Kayak,21:22:19,21.37
Singles,2017,56,,Male,,15,Kayak,18:32:31,18.54
Singles,2017,53,,Male,,63,Kayak,26:09:13,26.15
Singles,2017,32,,Male,,66,Kayak,26:55:39,26.93
Singles,2017,49,,Male,,71,Kayak,29:01:16,29.02
Singles,2017,18,,Female,,64,Kayak,26:36:43,26.61
Singles,2017,21,,Male,,35,Kayak,21:10:28,21.17
Singles,2017,22,,Male,,21,Kayak,19:37:05,19.62
Singles,2017,45,,Male,,65,Kayak,26:55:38,26.93
Singles,2017,59,,Male,,36,Kayak,21:12:09,21.2
Singles,2017,53,,Male,,46,Kayak,22:45:03,22.75
Singles,2017,27,,Male,,32,Kayak,21:04:41,21.08
Singles,2017,58,,Female,,68,Canadian,27:02:54,27.05
Singles,2017,54,,Male,,58,Kayak,24:51:11,24.85
Singles,2017,61,,Male,,53,Kayak,23:37:40,23.63
Singles,2017,41,,Male,,56,Kayak,24:37:15,24.62
Singles,2017,50,,Female,,57,Canadian,24:44:19,24.74
Singles,2017,19,,Male,,13,Kayak,18:25:03,18.42
Singles,2017,18,,Male,,3,Kayak,16:29:08,16.49
Singles,2017,18,,Male,,5,Kayak,16:38:33,16.64
Singles,2017,45,,Male,,17,Kayak,19:02:02,19.03
Singles,2017,19,,Male,,22,Kayak,19:44:01,19.73
Singles,2017,50,,Male,,40,Kayak,21:24:42,21.41
Singles,2017,31,,Male,,13,Kayak,18:25:03,18.42
Singles,2017,39,,Male,,30,Kayak,20:44:53,20.75
Singles,2017,55,,Male,,39,Kayak,21:23:14,21.39
Singles,2017,22,,Male,,1,Kayak,15:56:32,15.94
Singles,2017,33,,Male,,42,Kayak,22:06:59,22.12
Singles,2017,37,,Male,,72,Kayak,29:22:35,29.38
Singles,2017,54,,Male,,73,Canadian,29:22:57,29.38
Singles,2017,35,,Male,,19,Kayak,19:15:49,19.26
Singles,2017,48,,Male,,45,Kayak,22:42:49,22.71
Singles,2017,18,,Male,,27,Kayak,20:21:25,20.36
Singles,2017,56,,Male,,31,Kayak,20:52:16,20.87
Singles,2017,41,,Male,,41,Kayak,21:35:50,21.6
Singles,2016,35,,Male,,1,Kayak,13:30:33,13.51
Singles,2016,22,,Male,,2,Kayak,14:40:01,14.67
Singles,2016,22,,Male,,3,Kayak,14:58:04,14.97
Singles,2016,27,,Male,,4,Kayak,15:02:33,15.04
Singles,2016,26,,Male,,5,Kayak,15:13:15,15.22
Singles,2016,40,,Male,,6,Kayak,15:23:26,15.39
Singles,2016,31,,Male,,7,Kayak,15:37:18,15.62
Singles,2016,18,,Male,,8,Kayak,15:40:10,15.67
Singles,2016,36,,Male,,9,Kayak,15:43:59,15.73
Singles,2016,34,,Male,,10,Kayak,15:48:38,15.81
Singles,2016,21,,Male,,11,Kayak,16:47:33,16.79
Singles,2016,48,,Male,,12,Kayak,16:48:04,16.8
Singles,2016,18,,Male,,13,Kayak,17:07:28,17.12
Singles,2016,27,,Male,,14,Kayak,17:27:01,17.45
Singles,2016,57,,Male,,15,Kayak,17:37:56,17.63
Singles,2016,48,,Male,,16,Kayak,17:41:06,17.69
Singles,2016,34,,Female,,17,Kayak,17:48:12,17.8
Singles,2016,48,,Male,,18,Kayak,17:48:13,17.8
Singles,2016,19,,Male,,19,Kayak,17:49:20,17.82
Singles,2016,58,,Male,,20,Kayak,18:03:24,18.06
Singles,2016,27,,Female,,21,Kayak,18:08:43,18.15
Singles,2016,53,,Male,,22,Kayak,18:10:38,18.18
Singles,2016,30,,Female,,23,Kayak,18:13:03,18.22
Singles,2016,19,,Male,,24,Kayak,18:42:55,18.72
Singles,2016,50,,Male,,25,Kayak,18:52:24,18.87
Singles,2016,43,,Female,,26,Kayak,18:54:41,18.91
Singles,2016,18,,Male,,27,Kayak,19:08:07,19.14
Singles,2016,46,,Male,,28,Kayak,19:41:42,19.7
Singles,2016,49,,Male,,29,Kayak,20:44:19,20.74
Singles,2016,55,,Male,,30,Canadian,20:46:55,20.78
Singles,2016,52,,Male,,31,Canadian,21:09:42,21.16
Singles,2016,56,,Male,,32,Canadian,21:10:26,21.17
Singles,2016,25,,Male,,33,Kayak,21:15:22,21.26
Singles,2016,54,,Male,,34,Kayak,21:57:43,21.96
Singles,2016,52,,Male,,35,Kayak,22:12:33,22.21
Singles,2016,40,,Male,,36,Kayak,22:16:31,22.28
Singles,2016,46,,Female,,37,Kayak,22:31:42,22.53
Singles,2016,47,,Male,,38,Kayak,23:11:23,23.19
Singles,2016,53,,Male,,39,Kayak,23:17:55,23.3
Singles,2016,48,,Female,,40,Kayak,23:36:54,23.62
Singles,2016,57,,Male,,41,Kayak,23:37:29,23.62
Singles,2016,40,,Male,,42,Kayak,26:00:44,26.01
Singles,2016,64,,Male,,43,Kayak,26:22:07,26.37
Singles,2016,45,,Male,,44,Kayak,26:36:32,26.61
Singles,2016,53,,Male,,45,Kayak,26:36:56,26.62
Singles,2015,24,,Male,,1,Kayak,16:02:13,16.04
Singles,2015,20,,Male,,2,Kayak,16:03:13,16.05
Singles,2015,40,,Male,,3,Kayak,16:15:01,16.25
Singles,2015,35,,Male,,4,Kayak,16:27:55,16.47
Singles,2015,33,,Male,,5,Kayak,16:51:32,16.86
Singles,2015,35,,Male,,6,Kayak,16:55:06,16.92
Singles,2015,64,,Male,,7,Kayak,17:06:20,17.11
Singles,2015,34,,Male,,8,Kayak,17:34:52,17.58
Singles,2015,31,,Male,,9,Kayak,18:19:55,18.33
Singles,2015,20,,Male,,10,Kayak,18:21:10,18.35
Singles,2015,40,,Male,,11,Kayak,18:21:18,18.36
Singles,2015,34,,Male,,12,Kayak,18:29:11,18.49
Singles,2015,24,,Male,,13,Kayak,18:32:38,18.54
Singles,2015,48,,Male,,14,Kayak,18:44:26,18.74
Singles,2015,29,,Female,,15,Kayak,18:51:58,18.87
Singles,2015,60,,Male,,16,Kayak,19:47:40,19.79
Singles,2015,20,,Male,,17,Kayak,19:59:34,19.99
Singles,2015,38,,Male,,18,Kayak,20:05:01,20.08
Singles,2015,46,,Male,,19,Kayak,20:26:41,20.44
Singles,2015,34,,Male,,20,Kayak,20:43:21,20.72
Singles,2015,44,,Male,,21,Kayak,20:43:48,20.73
Singles,2015,47,,Male,,22,Kayak,20:48:42,20.81
Singles,2015,48,,Male,,23,Kayak,20:59:17,20.99
Singles,2015,32,,Male,,24,Kayak,21:20:24,21.34
Singles,2015,57,,Male,,25,Kayak,21:21:06,21.35
Singles,2015,45,,Male,,26,Kayak,21:40:02,21.67
Singles,2015,23,,Male,,27,Kayak,22:08:26,22.14
Singles,2015,20,,Male,,27,Kayak,22:08:26,22.14
Singles,2015,27,,Male,,29,Kayak,22:23:49,22.4
Singles,2015,26,,Female,,30,Kayak,22:36:28,22.61
Singles,2015,51,,Male,,31,Canadian,22:54:24,22.91
Singles,2015,46,,Male,,32,Kayak,23:00:21,23.01
Singles,2015,42,,Female,,33,Kayak,23:01:10,23.02
Singles,2015,60,,Male,,34,Kayak,23:09:05,23.15
Singles,2015,50,,Male,,35,Kayak,23:15:30,23.26
Singles,2015,39,,Female,,36,Kayak,23:22:39,23.38
Singles,2015,35,,Female,,37,Kayak,23:24:18,23.41
Singles,2015,55,,Male,,38,Canadian,24:40:37,24.68
Singles,2015,61,,Male,,39,Kayak,24:47:22,24.79
Singles,2015,30,,Female,,40,Kayak,24:48:54,24.82
Singles,2015,51,,Male,,41,Canadian,25:13:01,25.22
Singles,2015,40,,Male,,42,Canadian,25:42:44,25.71
Singles,2015,44,,Female,,43,Kayak,25:46:06,25.77
Singles,2015,48,,Male,,44,Kayak,25:55:29,25.92
Singles,2015,29,,Male,,45,Kayak,26:18:41,26.31
Singles,2015,48,,Male,,46,Kayak,26:25:15,26.42
Singles,2015,48,,Male,,47,Kayak,26:31:57,26.53
Singles,2015,51,,Male,,48,Kayak,26:57:21,26.96
Singles,2015,32,,Male,,49,Kayak,27:01:06,27.02
Singles,2015,48,,Male,,50,Canadian,27:18:45,27.31
Singles,2015,54,,Male,,51,Kayak,27:19:15,27.32
Singles,2015,39,,Male,,52,Kayak,29:10:53,29.18
Singles,2015,65,,Male,,53,Kayak,29:35:16,29.59
Singles,2015,29,,Male,,54,Kayak,30:23:31,30.39
Singles,2015,45,,Male,,55,Kayak,31:32:54,31.55
Singles,2014,26,,Male,,1,Kayak,16:23:13,16.39
Singles,2014,25,,Male,,2,Kayak,16:27:16,16.45
Singles,2014,32,,Male,,3,Kayak,16:49:24,16.82
Singles,2014,23,,Male,,4,Kayak,17:23:21,17.39
Singles,2014,47,,Male,,5,Kayak,17:33:19,17.56
Singles,2014,25,,Male,,6,Kayak,17:50:57,17.85
Singles,2014,40,,Male,,7,Kayak,18:02:10,18.04
Singles,2014,47,,Male,,8,Kayak,18:21:25,18.36
Singles,2014,33,,Male,,8,Kayak,18:21:25,18.36
Singles,2014,37,,Male,,10,Kayak,18:50:27,18.84
Singles,2014,27,,Female,,11,Kayak,19:11:51,19.2
Singles,2014,52,,Male,,12,Kayak,19:29:10,19.49
Singles,2014,50,,Male,,13,Kayak,19:45:04,19.75
Singles,2014,34,,Male,,14,Kayak,20:34:46,20.58
Singles,2014,55,,Male,,15,Kayak,20:36:34,20.61
Singles,2014,25,,Female,,16,Kayak,20:36:52,20.61
Singles,2014,27,,Male,,17,Kayak,20:57:35,20.96
Singles,2014,43,,Male,,18,Kayak,21:00:41,21.01
Singles,2014,43,,Male,,19,Kayak,21:27:00,21.45
Singles,2014,62,,Male,,20,Kayak,21:32:34,21.54
Singles,2014,51,,Male,,21,Kayak,21:34:06,21.57
Singles,2014,48,,Male,,22,Kayak,21:44:16,21.74
Singles,2014,29,,Male,,23,Kayak,22:04:13,22.07
Singles,2014,46,,Male,,24,Kayak,22:16:37,22.28
Singles,2014,19,,Female,,25,Canadian,22:17:03,22.28
Singles,2014,29,,Male,,26,Kayak,22:27:40,22.46
Singles,2014,33,,Male,,27,Kayak,22:45:57,22.77
Singles,2014,47,,Male,,28,Kayak,22:50:31,22.84
Singles,2014,44,,Male,,29,Kayak,22:57:03,22.95
Singles,2014,38,,Female,,30,Kayak,23:15:22,23.26
Singles,2014,51,,Male,,31,Kayak,23:18:12,23.3
Singles,2014,41,,Female,,32,Kayak,23:19:26,23.32
Singles,2014,19,,Female,,33,Kayak,23:29:42,23.5
Singles,2014,53,,Male,,34,Kayak,23:46:10,23.77
Singles,2014,19,,Female,,36,Canadian,24:19:05,24.32
Singles,2014,58,,Male,,37,Kayak,24:20:21,24.34
Singles,2014,28,,Male,,38,Kayak,25:01:23,25.02
Singles,2014,49,,Male,,39,Kayak,25:04:20,25.07
Singles,2014,46,,Male,,40,Kayak,25:12:48,25.21
Singles,2014,54,,Male,,41,Canadian,25:20:42,25.35
Singles,2014,60,,Male,,42,Canadian,25:32:51,25.55
Singles,2014,43,,Female,,43,Kayak,26:27:09,26.45
Singles,2014,54,,Male,,44,Kayak,26:47:11,26.79
Singles,2014,55,,Male,,44,Kayak,26:47:11,26.79
Singles,2014,61,,Male,,46,Kayak,28:59:47,29
Singles,2014,60,,Female,,47,Kayak,29:13:06,29.22
Singles,2014,45,,Male,,48,Kayak,29:54:15,29.9
Singles,2014,35,,Female,,49,Kayak,31:08:33,31.14
Singles,2014,53,,Female,,35,Canadian,24:10:00,24.17
Singles,2013,20,,Male,,1,Kayak,16:40:18,16.67
Singles,2013,35,,Male,,2,Kayak,16:54:41,16.91
Singles,2013,19,,Male,,3,Kayak,16:59:19,16.99
Singles,2013,39,,Male,,4,Kayak,17:00:19,17.01
Singles,2013,26,,Male,,5,Kayak,18:26:12,18.44
Singles,2013,46,,Male,,6,Kayak,18:47:19,18.79
Singles,2013,37,,Male,,7,Kayak,18:55:04,18.92
Singles,2013,41,,Male,,8,Kayak,19:06:35,19.11
Singles,2013,46,,Male,,9,Kayak,19:12:12,19.2
Singles,2013,28,,Female,,10,Kayak,19:27:40,19.46
Singles,2013,33,,Female,,11,Kayak,19:48:30,19.81
Singles,2013,42,,Male,,12,Kayak,20:13:29,20.22
Singles,2013,23,,Male,,13,Kayak,20:24:02,20.4
Singles,2013,47,,Male,,14,Kayak,20:27:37,20.46
Singles,2013,54,,Male,,15,Kayak,20:32:49,20.55
Singles,2013,47,,Male,,16,Kayak,20:43:56,20.73
Singles,2013,25,,Female,,17,Kayak,20:45:04,20.75
Singles,2013,66,,Male,,18,Kayak,20:45:21,20.76
Singles,2013,41,,Male,,19,Kayak,21:11:41,21.19
Singles,2013,28,,Male,,20,Kayak,21:29:02,21.48
Singles,2013,46,,Male,,21,Kayak,21:56:15,21.94
Singles,2013,46,,Male,,22,Kayak,21:58:35,21.98
Singles,2013,46,,Female,,23,Kayak,22:19:25,22.32
Singles,2013,31,,Female,,24,Kayak,22:22:05,22.37
Singles,2013,46,,Male,,25,Kayak,23:30:05,23.5
Singles,2013,53,,Female,,26,Kayak,23:46:27,23.77
Singles,2013,32,,Male,,27,Kayak,24:01:13,24.02
Singles,2013,18,,Female,,28,Kayak,24:01:37,24.03
Singles,2013,47,,Male,,29,Kayak,24:34:53,24.58
Singles,2013,54,,Male,,30,Kayak,25:37:59,25.63
Singles,2013,46,,Female,,31,Kayak,25:45:43,25.76
Singles,2013,36,,Male,,32,Kayak,26:14:49,26.25
Singles,2013,51,,Male,,33,Kayak,26:31:15,26.52
Singles,2013,21,,Male,,34,Kayak,27:15:25,27.26
Singles,2013,50,,Male,,35,Kayak,27:22:00,27.37
Singles,2013,60,,Male,,36,Kayak,27:53:35,27.89
Singles,2013,61,,Male,,37,Kayak,28:04:38,28.08
Singles,2013,37,,Male,,38,Canadian,28:10:33,28.18
Singles,2013,73,,Male,,39,Kayak,28:34:46,28.58
Vet/Junior,2023,47,15,Male,Female,1,Kayak,08:57:53,8.96
Vet/Junior,2023,55,16,Male,Female,3,Kayak,11:15:14,11.25
Vet/Junior,2023,53,17,Male,Male,2,Kayak,08:58:53,8.98
Vet/Junior,2023,48,17,Female,Female,4,Kayak,11:23:48,11.4
Vet/Junior,2022,50,16,Male,Male,1,Kayak,17:35:48,17.6
Vet/Junior,2022,46,17,Male,Female,4,Kayak,22:06:16,22.1
Vet/Junior,2022,17,58,Male,Male,3,Kayak,20:20:20,20.34
Vet/Junior,2022,44,17,Male,Female,2,Kayak,17:56:02,17.93
Vet/Junior,2019,17,55,Male,Male,1,Kayak,19:18:55,19.32
Vet/Junior,2019,53,16,Male,Female,2,Kayak,20:23:19,20.39
Vet/Junior,2019,55,17,Male,Female,3,Kayak,23:07:03,23.12
Vet/Junior,2019,52,18,Male,Female,4,Kayak,24:25:52,24.43
Vet/Junior,2019,49,16,Male,Male,5,Kayak,26:12:42,26.21
Vet/Junior,2019,18,35,Female,Female,6,Kayak,27:57:02,27.95
Vet/Junior,2019,46,15,Female,Male,7,Kayak,29:31:05,29.52
Vet/Junior,2017,18,55,Female,Male,5,Kayak,21:30:12,21.5
Vet/Junior,2017,47,18,Male,Male,11,Kayak,24:08:42,24.15
Vet/Junior,2017,44,15,Female,Female,6,Kayak,21:30:18,21.51
Vet/Junior,2017,50,17,Male,Female,10,Kayak,22:55:02,22.92
Vet/Junior,2017,36,17,Male,Male,3,Kayak,19:11:32,19.19
Vet/Junior,2017,47,18,Male,Female,7,Kayak,21:39:23,21.66
Vet/Junior,2017,56,15,Male,Male,4,Kayak,20:16:36,20.28
Vet/Junior,2017,47,16,Male,Male,2,Kayak,18:35:29,18.59
Vet/Junior,2017,17,53,Male,Male,8,Kayak,22:10:29,22.17
Vet/Junior,2017,61,15,Female,Male,9,Kayak,22:43:12,22.72
Vet/Junior,2017,18,47,Male,Male,1,Kayak,18:13:33,18.23
Vet/Junior,2016,15,49,Male,Male,1,Kayak,16:28:42,16.48
Vet/Junior,2016,52,16,Male,Male,2,Kayak,17:58:25,17.97
Vet/Junior,2016,17,54,Male,Male,3,Kayak,18:38:10,18.64
Vet/Junior,2016,46,17,Male,Male,4,Kayak,20:00:17,20
Vet/Junior,2016,17,40,Female,Male,5,Kayak,20:37:08,20.62
Vet/Junior,2016,16,51,Female,Male,6,Kayak,21:18:54,21.32
Vet/Junior,2016,53,15,Male,Male,7,Kayak,21:58:36,21.98
Vet/Junior,2015,18,49,Female,Male,1,Kayak,17:30:35,17.51
Vet/Junior,2015,50,16,Male,Male,2,Kayak,18:57:37,18.96
Vet/Junior,2015,51,17,Male,Male,3,Kayak,19:31:45,19.53
Vet/Junior,2015,17,48,Male,Male,4,Kayak,20:39:27,20.66
Vet/Junior,2015,49,15,Female,Male,5,Kayak,21:01:28,21.02
Vet/Junior,2015,47,15,Male,Male,6,Kayak,24:05:32,24.09
Vet/Junior,2015,44,15,Male,Female,7,Kayak,26:59:56,27
Vet/Junior,2015,45,16,Male,Female,8,Kayak,27:00:00,27
Vet/Junior,2015,66,16,Male,Female,9,Kayak,28:12:56,28.22
Vet/Junior,2014,18,44,Male,Male,1,Kayak,17:27:00,17.45
Vet/Junior,2014,15,56,Female,Male,2,Kayak,18:20:16,18.34
Vet/Junior,2014,17,47,Female,Male,3,Kayak,19:33:54,19.57
Vet/Junior,2014,47,15,Female,Male,4,Kayak,20:14:19,20.24
Vet/Junior,2014,50,16,Male,Male,5,Kayak,20:26:38,20.44
Vet/Junior,2014,47,16,Male,Female,6,Kayak,21:40:28,21.67
Vet/Junior,2014,55,15,Female,Female,7,Kayak,22:21:18,22.36
Vet/Junior,2014,16,49,Male,Male,8,Kayak,22:25:29,22.42
Vet/Junior,2014,50,16,Male,Female,9,Kayak,22:41:11,22.69
Vet/Junior,2014,17,40,Male,Male,10,Kayak,22:46:40,22.78
Vet/Junior,2014,61,17,Male,Male,11,Kayak,23:33:53,23.56
Vet/Junior,2014,45,16,Male,Male,12,Kayak,27:10:06,27.17
Vet/Junior,2013,17,46,Female,Male,1,Kayak,20:21:36,20.36
Vet/Junior,2013,42,15,Male,Male,2,Kayak,20:41:22,20.69
Vet/Junior,2013,42,15,Male,Male,3,Kayak,21:28:08,21.47
Vet/Junior,2013,46,15,Male,Male,4,Kayak,21:45:40,21.76
Vet/Junior,2013,60,16,Male,Male,5,Kayak,25:58:15,25.97
Vet/Junior,2013,48,16,Male,Male,6,Kayak,28:59:05,28.98
